sample_name	fusion_name	JunctionReadCount	SpanningFragCount	est_J	est_S	SpliceType	LeftGene	LeftBreakpoint	RightGene	RightBreakpoint	LargeAnchorSupport	FFPM	LeftBreakDinuc	LeftBreakEntropy	RightBreakDinuc	RightBreakEntropy	annots	dataclass	progtype	LeftLocalBreakpoint	RightLocalBreakpoint	NumCounterFusionLeft	NumCounterFusionRight	FAR_left	FAR_right
BLCA-BT-A2LB-NT	KRT13--KRT4	22	77	22	36.01	INCL_NON_REF_SPLICE	KRT13^ENSG00000171401.10	chr17:39658654:-	KRT4^ENSG00000170477.8	chr12:53201578:-	NO	0.75	GC	1.7968	CA	1.8062	NA	TCGA	FusionInspector	4304	14587	203423	131613	0	0
BLCA-BT-A2LB-NT	KRT13--KRT4	23	66	23	21.25	INCL_NON_REF_SPLICE	KRT13^ENSG00000171401.10	chr17:39658631:-	KRT4^ENSG00000170477.8	chr12:53201468:-	NO	0.5721	GC	1.7819	AG	1.7232	NA	TCGA	FusionInspector	4327	14697	190659	112330	0	0
BLCA-BT-A2LB-NT	KRT13--KRT4	10	65	10	8.9	INCL_NON_REF_SPLICE	KRT13^ENSG00000171401.10	chr17:39658659:-	KRT4^ENSG00000170477.8	chr12:53201460:-	YES	0.2444	CT	1.8256	AC	1.8892	NA	TCGA	FusionInspector	4299	14705	201225	108568	0	0
BLCA-BT-A2LB-NT	KRT13--KRT4	3	64	3	28.19	INCL_NON_REF_SPLICE	KRT13^ENSG00000171401.10	chr17:39659539:-	KRT4^ENSG00000170477.8	chr12:53204590:-	NO	0.4033	GT	1.6402	AG	1.7465	NA	TCGA	FusionInspector	3419	11852	165709	87888	0	0
BLCA-BT-A2LB-NT	KRT13--KRT4	1	15	1	4.65	ONLY_REF_SPLICE	KRT13^ENSG00000171401.10	chr17:39661699:-	KRT4^ENSG00000170477.8	chr12:53207512:-	NO	0.073	GT	1.9086	AG	1.9086	NA	TCGA	FusionInspector	1259	9549	83728	56994	0	0
HNSC-CV-6943-NT	KRT13--KRT4	15	1364	15	919.55	INCL_NON_REF_SPLICE	KRT13^ENSG00000171401.10	chr17:39657554:-	KRT4^ENSG00000170477.8	chr12:53205687:-	YES	12.0668	CT	1.7465	AC	1.7056	NA	TCGA	FusionInspector	5404	10755	292719	296998	0	0
HNSC-CV-6943-NT	KRT13--KRT4	90	833	90	89.93	INCL_NON_REF_SPLICE	KRT13^ENSG00000171401.10	chr17:39658654:-	KRT4^ENSG00000170477.8	chr12:53201578:-	NO	2.3233	GC	1.7968	CA	1.8062	NA	TCGA	FusionInspector	4304	14587	273025	361500	0	0
HNSC-CV-6943-NT	KRT13--KRT4	8	1108	8	448.1	INCL_NON_REF_SPLICE	KRT13^ENSG00000171401.10	chr17:39659270:-	KRT4^ENSG00000170477.8	chr12:53207730:-	YES	5.8891	GT	1.9219	AG	1.8062	NA	TCGA	FusionInspector	3688	9331	310766	149364	0	0.01
HNSC-CV-6943-NT	KRT13--KRT4	4	991	4	30.69	INCL_NON_REF_SPLICE	KRT13^ENSG00000171401.10	chr17:39659635:-	KRT4^ENSG00000170477.8	chr12:53207730:-	NO	0.4479	GT	1.7056	AG	1.8062	NA	TCGA	FusionInspector	3323	9331	261856	149364	0	0.01
HNSC-CV-6943-NT	KRT13--KRT4	43	771	43	36.17	INCL_NON_REF_SPLICE	KRT13^ENSG00000171401.10	chr17:39658659:-	KRT4^ENSG00000170477.8	chr12:53201460:-	YES	1.0222	CT	1.8256	AC	1.8892	NA	TCGA	FusionInspector	4299	14705	267479	321026	0	0
HNSC-CV-6943-NT	KRT13--KRT4	22	792	22	19.88	INCL_NON_REF_SPLICE	KRT13^ENSG00000171401.10	chr17:39658631:-	KRT4^ENSG00000170477.8	chr12:53201468:-	NO	0.5408	GC	1.7819	AG	1.7232	NA	TCGA	FusionInspector	4327	14697	263509	329182	0	0
HNSC-CV-6943-NT	KRT13--KRT4	5	854	5	16.45	INCL_NON_REF_SPLICE	KRT13^ENSG00000171401.10	chr17:39657540:-	KRT4^ENSG00000170477.8	chr12:53201468:-	NO	0.277	GT	1.8323	AG	1.7232	NA	TCGA	FusionInspector	5418	14697	296564	329182	0	0
HNSC-CV-6943-NT	KRT13--KRT4	5	790	5	11.12	INCL_NON_REF_SPLICE	KRT13^ENSG00000171401.10	chr17:39661541:-	KRT4^ENSG00000170477.8	chr12:53207607:-	YES	0.2082	GC	1.2729	AG	1.7819	NA	TCGA	FusionInspector	1417	9454	44046	135631	0.02	0.01
HNSC-CV-6943-NT	KRT13--KRT4	3	783	3	6.39	INCL_NON_REF_SPLICE	KRT13^ENSG00000171401.10	chr17:39661547:-	KRT4^ENSG00000170477.8	chr12:53207598:-	YES	0.1212	CT	0.9968	CA	1.4295	NA	TCGA	FusionInspector	1411	9463	41284	146858	0.02	0.01
HNSC-CV-6943-NT	KRT13--KRT4	3	781	3	5.94	INCL_NON_REF_SPLICE	KRT13^ENSG00000171401.10	chr17:39661534:-	KRT4^ENSG00000170477.8	chr12:53207585:-	YES	0.1154	TG	1.4295	GG	1.231	NA	TCGA	FusionInspector	1424	9476	51021	156944	0.02	0.01
HNSC-CV-6943-NT	KRT13--KRT4	3	763	3	5.36	INCL_NON_REF_SPLICE	KRT13^ENSG00000171401.10	chr17:39661542:-	KRT4^ENSG00000170477.8	chr12:53207572:-	YES	0.1079	GG	1.2729	GG	1.8256	NA	TCGA	FusionInspector	1416	9489	43699	159409	0.02	0
HNSC-CV-6943-NT	KRT13--KRT4	3	761	3	5.31	INCL_NON_REF_SPLICE	KRT13^ENSG00000171401.10	chr17:39661545:-	KRT4^ENSG00000170477.8	chr12:53207572:-	NO	0.1073	GG	1.2729	GG	1.8256	NA	TCGA	FusionInspector	1413	9489	42305	159409	0.02	0
HNSC-CV-6943-NT	KRT13--KRT4	3	754	3	5.23	INCL_NON_REF_SPLICE	KRT13^ENSG00000171401.10	chr17:39661551:-	KRT4^ENSG00000170477.8	chr12:53207578:-	NO	0.1062	TT	1.231	GA	1.5656	NA	TCGA	FusionInspector	1407	9483	38656	160851	0.02	0
HNSC-CV-6943-NT	KRT13--KRT4	6	727	6	4.04	INCL_NON_REF_SPLICE	KRT13^ENSG00000171401.10	chr17:39659539:-	KRT4^ENSG00000170477.8	chr12:53204590:-	NO	0.1297	GT	1.6402	AG	1.7465	NA	TCGA	FusionInspector	3419	11852	262312	262530	0	0
HNSC-CV-6943-NT	KRT13--KRT4	6	710	6	4.02	INCL_NON_REF_SPLICE	KRT13^ENSG00000171401.10	chr17:39659189:-	KRT4^ENSG00000170477.8	chr12:53202146:-	NO	0.1294	GT	1.9656	AG	1.7819	NA	TCGA	FusionInspector	3769	14019	442258	311529	0	0
HNSC-CV-6943-NT	KRT13--KRT4	18	653	16.55	19.59	INCL_NON_REF_SPLICE	KRT13^ENSG00000171401.10	chr17:39661569:-	KRT4^ENSG00000170477.8	chr12:53207596:-	NO	0.4666	GG	1.7232	CT	1.2729	NA	TCGA	FusionInspector	1389	9465	34364	147152	0.02	0
HNSC-CV-6943-NT	KRT13--KRT4	7	691	7	4.26	INCL_NON_REF_SPLICE	KRT13^ENSG00000171401.10	chr17:39659240:-	KRT4^ENSG00000170477.8	chr12:53202520:-	YES	0.1454	GC	1.6895	AG	1.8892	NA	TCGA	FusionInspector	3718	13645	326175	263757	0	0
HNSC-CV-6943-NT	KRT13--KRT4	4	697	4	2.57	INCL_NON_REF_SPLICE	KRT13^ENSG00000171401.10	chr17:39658803:-	KRT4^ENSG00000170477.8	chr12:53201556:-	NO	0.0848	TG	1.8892	GC	1.8323	NA	TCGA	FusionInspector	4155	14609	335170	349659	0	0
HNSC-CV-6943-NT	KRT13--KRT4	5	663	5	2.81	INCL_NON_REF_SPLICE	KRT13^ENSG00000171401.10	chr17:39659659:-	KRT4^ENSG00000170477.8	chr12:53205560:-	NO	0.1009	GC	1.7465	AG	1.9219	NA	TCGA	FusionInspector	3299	10882	228712	264749	0	0
HNSC-CV-6943-NT	KRT13--KRT4	6	593	6	5.94	INCL_NON_REF_SPLICE	KRT13^ENSG00000171401.10	chr17:39661580:-	KRT4^ENSG00000170477.8	chr12:53207607:-	NO	0.1542	GT	1.6729	AG	1.7819	NA	TCGA	FusionInspector	1378	9454	33533	135631	0.02	0
HNSC-CV-6943-NT	KRT13--KRT4	15	504	2.45	1.72	INCL_NON_REF_SPLICE	KRT13^ENSG00000171401.10	chr17:39661593:-	KRT4^ENSG00000170477.8	chr12:53207596:-	NO	0.0538	GG	1.7232	CT	1.2729	NA	TCGA	FusionInspector	1365	9465	34105	147152	0.02	0
HNSC-CV-6943-NT	KRT13--KRT4	3	399	3	1.48	INCL_NON_REF_SPLICE	KRT13^ENSG00000171401.10	chr17:39661628:-	KRT4^ENSG00000170477.8	chr12:53207595:-	NO	0.0578	GT	1.5546	TG	1.2729	NA	TCGA	FusionInspector	1330	9466	30630	146470	0.01	0
HNSC-CV-6943-NT	KRT13--KRT4	8	378	8	2.51	INCL_NON_REF_SPLICE	KRT13^ENSG00000171401.10	chr17:39657554:-	KRT4^ENSG00000170477.8	chr12:53200871:-	YES	0.1357	CT	1.7465	AC	1.8062	NA	TCGA	FusionInspector	5404	15294	292719	348688	0	0
HNSC-CV-6943-NT	KRT13--KRT4	3	388	3	0.74	INCL_NON_REF_SPLICE	KRT13^ENSG00000171401.10	chr17:39661557:-	KRT4^ENSG00000170477.8	chr12:53200948:-	YES	0.0483	GG	1.5329	GC	1.9329	NA	TCGA	FusionInspector	1401	15217	35036	366976	0.01	0
HNSC-CV-6943-NT	KRT13--KRT4	5	370	3.77	0.87	INCL_NON_REF_SPLICE	KRT13^ENSG00000171401.10	chr17:39661580:-	KRT4^ENSG00000170477.8	chr12:53201486:-	YES	0.0599	GT	1.6729	AG	1.9329	NA	TCGA	FusionInspector	1378	14679	33533	335972	0.01	0
HNSC-CV-6943-NT	KRT13--KRT4	6	358	6	1.33	INCL_NON_REF_SPLICE	KRT13^ENSG00000171401.10	chr17:39661568:-	KRT4^ENSG00000170477.8	chr12:53200959:-	YES	0.0947	GT	1.7232	TA	1.5656	NA	TCGA	FusionInspector	1390	15206	34115	344587	0.01	0
HNSC-CV-6943-NT	KRT13--KRT4	7	321	6.23	1.21	INCL_NON_REF_SPLICE	KRT13^ENSG00000171401.10	chr17:39661604:-	KRT4^ENSG00000170477.8	chr12:53201486:-	YES	0.096	GT	1.6729	AG	1.9329	NA	TCGA	FusionInspector	1354	14679	30781	335972	0.01	0
HNSC-CV-6943-NT	KRT13--KRT4	8	312	8	1.5	INCL_NON_REF_SPLICE	KRT13^ENSG00000171401.10	chr17:39661568:-	KRT4^ENSG00000170477.8	chr12:53200935:-	YES	0.1227	GT	1.7232	AA	1.2867	NA	TCGA	FusionInspector	1390	15230	34115	367785	0.01	0
HNSC-CV-6943-NT	KRT13--KRT4	5	314	5	0.94	INCL_NON_REF_SPLICE	KRT13^ENSG00000171401.10	chr17:39661573:-	KRT4^ENSG00000170477.8	chr12:53200940:-	YES	0.0767	TG	1.8892	TC	1.6895	NA	TCGA	FusionInspector	1385	15225	34487	372778	0.01	0
HNSC-CV-6943-NT	KRT13--KRT4	5	308	5	1.63	INCL_NON_REF_SPLICE	KRT13^ENSG00000171401.10	chr17:39661647:-	KRT4^ENSG00000170477.8	chr12:53207590:-	YES	0.0856	TT	1.6402	GC	1.2729	NA	TCGA	FusionInspector	1311	9471	33431	157840	0.01	0
HNSC-CV-6943-NT	KRT13--KRT4	17	215	17	2.05	INCL_NON_REF_SPLICE	KRT13^ENSG00000171401.10	chr17:39661631:-	KRT4^ENSG00000170477.8	chr12:53200962:-	YES	0.246	GT	1.4716	GA	1.7056	NA	TCGA	FusionInspector	1327	15203	30720	342936	0.01	0
HNSC-CV-6943-NT	KRT13--KRT4	13	184	13	1.31	INCL_NON_REF_SPLICE	KRT13^ENSG00000171401.10	chr17:39661629:-	KRT4^ENSG00000170477.8	chr12:53200936:-	YES	0.1848	AG	1.3753	GA	1.5628	NA	TCGA	FusionInspector	1329	15229	30617	370022	0.01	0
HNSC-CV-6943-NT	KRT13--KRT4	5	214	5	0.6	INCL_NON_REF_SPLICE	KRT13^ENSG00000171401.10	chr17:39661641:-	KRT4^ENSG00000170477.8	chr12:53201538:-	NO	0.0723	GG	1.5628	AA	1.6729	NA	TCGA	FusionInspector	1317	14627	31114	348206	0.01	0
HNSC-CV-6943-NT	KRT13--KRT4	3	194	3	0.32	INCL_NON_REF_SPLICE	KRT13^ENSG00000171401.10	chr17:39661634:-	KRT4^ENSG00000170477.8	chr12:53200941:-	NO	0.0428	CT	1.231	CT	1.8323	NA	TCGA	FusionInspector	1324	15224	29589	361627	0.01	0
HNSC-CV-6943-NT	KRT13--KRT4	4	138	4	0.3	INCL_NON_REF_SPLICE	KRT13^ENSG00000171401.10	chr17:39661691:-	KRT4^ENSG00000170477.8	chr12:53201010:-	YES	0.0555	CC	1.8892	CA	1.8892	NA	TCGA	FusionInspector	1267	15155	42419	372210	0	0
HNSC-CV-6943-NT	KRT13--KRT4	3	48	3	0.07	INCL_NON_REF_SPLICE	KRT13^ENSG00000171401.10	chr17:39661711:-	KRT4^ENSG00000170477.8	chr12:53200877:-	YES	0.0396	CT	1.8256	AC	1.5628	NA	TCGA	FusionInspector	1247	15288	46816	346500	0	0
HNSC-CV-6943-NT	KRT13--KRT4	3	30	3	0.05	INCL_NON_REF_SPLICE	KRT13^ENSG00000171401.10	chr17:39661723:-	KRT4^ENSG00000170477.8	chr12:53200805:-	NO	0.0393	TG	1.5546	AC	1.5058	NA	TCGA	FusionInspector	1235	15360	48383	340251	0	0
HNSC-CV-6936-NT	KRT13--KRT4	5	511	5	376.02	INCL_NON_REF_SPLICE	KRT13^ENSG00000171401.10	chr17:39657554:-	KRT4^ENSG00000170477.8	chr12:53205687:-	NO	4.5657	CT	1.7465	AC	1.7056	NA	TCGA	FusionInspector	5404	10755	380304	174715	0	0
HNSC-CV-6936-NT	KRT13--KRT4	60	268	60	39.92	INCL_NON_REF_SPLICE	KRT13^ENSG00000171401.10	chr17:39658654:-	KRT4^ENSG00000170477.8	chr12:53201578:-	NO	1.1974	GC	1.7968	CA	1.8062	NA	TCGA	FusionInspector	4304	14587	374471	206687	0	0
HNSC-CV-6936-NT	KRT13--KRT4	11	360	11	39	INCL_NON_REF_SPLICE	KRT13^ENSG00000171401.10	chr17:39658972:-	KRT4^ENSG00000170477.8	chr12:53207473:-	NO	0.5991	CT	1.7465	AC	1.9656	NA	TCGA	FusionInspector	3986	9588	435853	136154	0	0
HNSC-CV-6936-NT	KRT13--KRT4	22	264	22	14.19	INCL_NON_REF_SPLICE	KRT13^ENSG00000171401.10	chr17:39658631:-	KRT4^ENSG00000170477.8	chr12:53201468:-	NO	0.4336	GC	1.7819	AG	1.7232	NA	TCGA	FusionInspector	4327	14697	350583	177227	0	0
HNSC-CV-6936-NT	KRT13--KRT4	19	259	16.75	10.39	INCL_NON_REF_SPLICE	KRT13^ENSG00000171401.10	chr17:39658659:-	KRT4^ENSG00000170477.8	chr12:53201460:-	YES	0.3252	CT	1.8256	AC	1.8892	NA	TCGA	FusionInspector	4299	14705	369910	173486	0	0
HNSC-CV-6936-NT	KRT13--KRT4	5	249	5	3.23	INCL_NON_REF_SPLICE	KRT13^ENSG00000171401.10	chr17:39659539:-	KRT4^ENSG00000170477.8	chr12:53204590:-	NO	0.0986	GT	1.6402	AG	1.7465	NA	TCGA	FusionInspector	3419	11852	299573	179322	0	0
HNSC-CV-6936-NT	KRT13--KRT4	3	256	3	81.57	INCL_NON_REF_SPLICE	KRT13^ENSG00000171401.10	chr17:39661534:-	KRT4^ENSG00000170477.8	chr12:53207585:-	NO	1.0133	TG	1.4295	GG	1.231	NA	TCGA	FusionInspector	1424	9476	56442	73951	0	0
HNSC-CV-6936-NT	KRT13--KRT4	4	217	4	1.87	INCL_NON_REF_SPLICE	KRT13^ENSG00000171401.10	chr17:39659240:-	KRT4^ENSG00000170477.8	chr12:53202520:-	YES	0.0703	GC	1.6895	AG	1.8892	NA	TCGA	FusionInspector	3718	13645	357831	138224	0	0
HNSC-CV-6936-NT	KRT13--KRT4	5	208	5	18.34	INCL_NON_REF_SPLICE	KRT13^ENSG00000171401.10	chr17:39661569:-	KRT4^ENSG00000170477.8	chr12:53207596:-	NO	0.2797	GG	1.7232	CT	1.2729	NA	TCGA	FusionInspector	1389	9465	51343	68695	0	0
HNSC-CV-6936-NT	KRT13--KRT4	16	154	16	5.23	INCL_NON_REF_SPLICE	KRT13^ENSG00000171401.10	chr17:39657554:-	KRT4^ENSG00000170477.8	chr12:53200871:-	YES	0.2544	CT	1.7465	AC	1.8062	NA	TCGA	FusionInspector	5404	15294	380304	261246	0	0
HNSC-CV-6936-NT	KRT13--KRT4	3	192	3	1.13	INCL_NON_REF_SPLICE	KRT13^ENSG00000171401.10	chr17:39661416:-	KRT4^ENSG00000170477.8	chr12:53205593:-	NO	0.0494	GC	1.8062	AG	1.9899	NA	TCGA	FusionInspector	1542	10849	145649	173668	0	0
HNSC-CV-6936-NT	KRT13--KRT4	7	119	7	1.3	INCL_NON_REF_SPLICE	KRT13^ENSG00000171401.10	chr17:39661580:-	KRT4^ENSG00000170477.8	chr12:53201486:-	NO	0.0995	GT	1.6729	AG	1.9329	NA	TCGA	FusionInspector	1378	14679	58871	183064	0	0
HNSC-CV-6936-NT	KRT13--KRT4	4	122	4	0.76	INCL_NON_REF_SPLICE	KRT13^ENSG00000171401.10	chr17:39661568:-	KRT4^ENSG00000170477.8	chr12:53200959:-	YES	0.057	GT	1.7232	TA	1.5656	NA	TCGA	FusionInspector	1390	15206	50425	208888	0	0
HNSC-CV-6936-NT	KRT13--KRT4	6	100	6	0.9	INCL_NON_REF_SPLICE	KRT13^ENSG00000171401.10	chr17:39661604:-	KRT4^ENSG00000170477.8	chr12:53201486:-	NO	0.0827	GT	1.6729	AG	1.9329	NA	TCGA	FusionInspector	1354	14679	59685	183064	0	0
HNSC-CV-6936-NT	KRT13--KRT4	9	62	9	0.78	INCL_NON_REF_SPLICE	KRT13^ENSG00000171401.10	chr17:39661631:-	KRT4^ENSG00000170477.8	chr12:53200962:-	YES	0.1171	GT	1.4716	GA	1.7056	NA	TCGA	FusionInspector	1327	15203	80420	207212	0	0
HNSC-CV-6936-NT	KRT13--KRT4	5	67	5	1.52	INCL_NON_REF_SPLICE	KRT13^ENSG00000171401.10	chr17:39661647:-	KRT4^ENSG00000170477.8	chr12:53207590:-	YES	0.0781	TT	1.6402	GC	1.2729	NA	TCGA	FusionInspector	1311	9471	101805	73078	0	0
HNSC-CV-6936-NT	KRT13--KRT4	4	63	4	0.35	INCL_NON_REF_SPLICE	KRT13^ENSG00000171401.10	chr17:39661629:-	KRT4^ENSG00000170477.8	chr12:53200936:-	YES	0.0521	AG	1.3753	GA	1.5628	NA	TCGA	FusionInspector	1329	15229	78827	235866	0	0
HNSC-CV-6936-NT	KRT13--KRT4	3	59	3	0.25	INCL_NON_REF_SPLICE	KRT13^ENSG00000171401.10	chr17:39661634:-	KRT4^ENSG00000170477.8	chr12:53200941:-	YES	0.0389	CT	1.231	CT	1.8323	NA	TCGA	FusionInspector	1324	15224	81632	228999	0	0
HNSC-CV-6936-NT	KRT13--KRT4	3	59	3	0.25	INCL_NON_REF_SPLICE	KRT13^ENSG00000171401.10	chr17:39661634:-	KRT4^ENSG00000170477.8	chr12:53200966:-	YES	0.0389	CT	1.231	GC	1.8323	NA	TCGA	FusionInspector	1324	15199	81632	202378	0	0
HNSC-CV-7250-NT	KRT13--KRT4	18	56	18	19.87	INCL_NON_REF_SPLICE	KRT13^ENSG00000171401.10	chr17:39658654:-	KRT4^ENSG00000170477.8	chr12:53201578:-	NO	0.6053	GC	1.7968	CA	1.8062	NA	TCGA	FusionInspector	4304	14587	135498	54672	0	0
HNSC-CV-7250-NT	KRT13--KRT4	20	9	20	1.83	INCL_NON_REF_SPLICE	KRT13^ENSG00000171401.10	chr17:39661652:-	KRT4^ENSG00000170477.8	chr12:53205240:-	NO	0.3489	GT	1.7232	AG	1.6895	NA	TCGA	FusionInspector	1306	11202	1891	39990	0.02	0
HNSC-CV-7250-NT	KRT13--KRT4	1	84	1	57.45	ONLY_REF_SPLICE	KRT13^ENSG00000171401.10	chr17:39658626:-	KRT4^ENSG00000170477.8	chr12:53204600:-	NO	0.9342	GT	1.5656	AG	1.5219	NA	TCGA	FusionInspector	4332	11842	133153	40024	0	0
HNSC-CV-7250-NT	KRT13--KRT4	3	51	3	2.71	INCL_NON_REF_SPLICE	KRT13^ENSG00000171401.10	chr17:39658631:-	KRT4^ENSG00000170477.8	chr12:53201468:-	NO	0.0912	GC	1.7819	AG	1.7232	NA	TCGA	FusionInspector	4327	14697	134054	47253	0	0
HNSC-CV-7250-NT	KRT13--KRT4	3	42	3	2.14	INCL_NON_REF_SPLICE	KRT13^ENSG00000171401.10	chr17:39659189:-	KRT4^ENSG00000170477.8	chr12:53202146:-	YES	0.0821	GT	1.9656	AG	1.7819	NA	TCGA	FusionInspector	3769	14019	161709	54607	0	0
STAD-IN-7806-NT	KRT13--KRT4	26	7	26	2.64	INCL_NON_REF_SPLICE	KRT13^ENSG00000171401.10	chr17:39659539:-	KRT4^ENSG00000170477.8	chr12:53204590:-	YES	0.2997	GT	1.6402	AG	1.7465	NA	TCGA	FusionInspector	3419	11852	205851	368268	0	0
STAD-IN-7806-NT	KRT13--KRT4	9	13	9	3.48	INCL_NON_REF_SPLICE	KRT13^ENSG00000171401.10	chr17:39658799:-	KRT4^ENSG00000170477.8	chr12:53205713:-	YES	0.1306	CT	1.9086	AC	1.8892	NA	TCGA	FusionInspector	4159	10729	126564	174309	0	0
STAD-IN-7806-NT	KRT13--KRT4	8	15	8	5.64	INCL_NON_REF_SPLICE	KRT13^ENSG00000171401.10	chr17:39657554:-	KRT4^ENSG00000170477.8	chr12:53205687:-	YES	0.1427	CT	1.7465	AC	1.7056	NA	TCGA	FusionInspector	5404	10755	104626	137074	0	0
STAD-IN-7806-NT	KRT13--KRT4	9	1	9	0.1	INCL_NON_REF_SPLICE	KRT13^ENSG00000171401.10	chr17:39661580:-	KRT4^ENSG00000170477.8	chr12:53201486:-	YES	0.0952	GT	1.6729	AG	1.9329	NA	TCGA	FusionInspector	1378	14679	23458	143534	0	0
STAD-IN-7806-NT	KRT13--KRT4	5	5	5	0.39	ONLY_REF_SPLICE	KRT13^ENSG00000171401.10	chr17:39658626:-	KRT4^ENSG00000170477.8	chr12:53201177:-	YES	0.0564	GT	1.5656	AG	1.8256	NA	TCGA	FusionInspector	4332	14988	246607	246766	0	0
STAD-IN-7806-NT	KRT13--KRT4	5	4	5	0.24	ONLY_REF_SPLICE	KRT13^ENSG00000171401.10	chr17:39661308:-	KRT4^ENSG00000170477.8	chr12:53202203:-	NO	0.0548	GT	1.8062	AG	1.8892	NA	TCGA	FusionInspector	1650	13962	172234	248286	0	0
STAD-IN-7806-NT	KRT13--KRT4	4	7	4	0.49	INCL_NON_REF_SPLICE	KRT13^ENSG00000171401.10	chr17:39659044:-	KRT4^ENSG00000170477.8	chr12:53202517:-	NO	0.047	GT	1.7056	AG	1.9329	NA	TCGA	FusionInspector	3914	13648	339493	200703	0	0
STAD-IN-7806-NT	KRT13--KRT4	3	10	3	0.64	INCL_NON_REF_SPLICE	KRT13^ENSG00000171401.10	chr17:39659019:-	KRT4^ENSG00000170477.8	chr12:53205583:-	YES	0.0381	AG	1.9329	GA	1.8062	NA	TCGA	FusionInspector	3939	10859	309130	281458	0	0
STAD-IN-7806-NT	KRT13--KRT4	5	1	5	0.06	INCL_NON_REF_SPLICE	KRT13^ENSG00000171401.10	chr17:39657554:-	KRT4^ENSG00000170477.8	chr12:53200871:-	YES	0.0529	CT	1.7465	AC	1.8062	NA	TCGA	FusionInspector	5404	15294	104626	69219	0	0
STAD-IN-7806-NT	KRT13--KRT4	3	7	3	0.37	INCL_NON_REF_SPLICE	KRT13^ENSG00000171401.10	chr17:39659189:-	KRT4^ENSG00000170477.8	chr12:53202146:-	YES	0.0353	GT	1.9656	AG	1.7819	NA	TCGA	FusionInspector	3769	14019	309395	281961	0	0
STAD-IN-7806-NT	KRT13--KRT4	2	11	2	0.6	ONLY_REF_SPLICE	KRT13^ENSG00000171401.10	chr17:39658626:-	KRT4^ENSG00000170477.8	chr12:53204600:-	YES	0.0272	GT	1.5656	AG	1.5219	NA	TCGA	FusionInspector	4332	11842	246607	331478	0	0
STAD-IN-7806-NT	KRT13--KRT4	3	5	3	0.23	INCL_NON_REF_SPLICE	KRT13^ENSG00000171401.10	chr17:39658807:-	KRT4^ENSG00000170477.8	chr12:53201558:-	YES	0.0338	GC	1.8062	AG	1.8323	NA	TCGA	FusionInspector	4151	14607	137891	106691	0	0
STAD-IN-7806-NT	KRT13--KRT4	3	2	3	0.08	INCL_NON_REF_SPLICE	KRT13^ENSG00000171401.10	chr17:39661616:-	KRT4^ENSG00000170477.8	chr12:53203223:-	YES	0.0322	GT	1.6895	AG	1.8892	NA	TCGA	FusionInspector	1342	12942	20045	319555	0	0
STAD-IN-7806-NT	KRT13--KRT4	3	1	3	0.03	INCL_NON_REF_SPLICE	KRT13^ENSG00000171401.10	chr17:39658747:-	KRT4^ENSG00000170477.8	chr12:53200845:-	NO	0.0317	GC	1.9086	AC	1.9086	NA	TCGA	FusionInspector	4211	15320	80640	63500	0	0
HNSC-CV-7183-NT	KRT13--KRT4	5	768	5	609.35	INCL_NON_REF_SPLICE	KRT13^ENSG00000171401.10	chr17:39657554:-	KRT4^ENSG00000170477.8	chr12:53205687:-	YES	8.7322	CT	1.7465	AC	1.7056	NA	TCGA	FusionInspector	5404	10755	403139	48358	0	0.02
HNSC-CV-7183-NT	KRT13--KRT4	87	385	87	59.85	INCL_NON_REF_SPLICE	KRT13^ENSG00000171401.10	chr17:39658654:-	KRT4^ENSG00000170477.8	chr12:53201578:-	NO	2.0873	GC	1.7968	CA	1.8062	NA	TCGA	FusionInspector	4304	14587	331652	50864	0	0.01
HNSC-CV-7183-NT	KRT13--KRT4	25	344	25	14	INCL_NON_REF_SPLICE	KRT13^ENSG00000171401.10	chr17:39658659:-	KRT4^ENSG00000170477.8	chr12:53201460:-	YES	0.5543	CT	1.8256	AC	1.8892	NA	TCGA	FusionInspector	4299	14705	314637	49466	0	0.01
HNSC-CV-7183-NT	KRT13--KRT4	4	405	4	140.7	INCL_NON_REF_SPLICE	KRT13^ENSG00000171401.10	chr17:39659931:-	KRT4^ENSG00000170477.8	chr12:53207549:-	NO	2.0568	CA	1.9899	GG	1.4566	NA	TCGA	FusionInspector	3027	9512	248558	33364	0	0.01
HNSC-CV-7183-NT	KRT13--KRT4	16	349	16	9.19	INCL_NON_REF_SPLICE	KRT13^ENSG00000171401.10	chr17:39658631:-	KRT4^ENSG00000170477.8	chr12:53201468:-	NO	0.358	GC	1.7819	AG	1.7232	NA	TCGA	FusionInspector	4327	14697	316946	49676	0	0.01
HNSC-CV-7183-NT	KRT13--KRT4	4	390	4	3.14	INCL_NON_REF_SPLICE	KRT13^ENSG00000171401.10	chr17:39659221:-	KRT4^ENSG00000170477.8	chr12:53204598:-	NO	0.1015	GC	1.7819	GT	1.6895	NA	TCGA	FusionInspector	3737	11844	429278	47457	0	0.01
HNSC-CV-7183-NT	KRT13--KRT4	18	310	18	8.72	INCL_NON_REF_SPLICE	KRT13^ENSG00000171401.10	chr17:39659240:-	KRT4^ENSG00000170477.8	chr12:53202520:-	YES	0.3797	GC	1.6895	AG	1.8892	NA	TCGA	FusionInspector	3718	13645	388510	49693	0	0.01
HNSC-CV-7183-NT	KRT13--KRT4	8	344	8	4.84	INCL_NON_REF_SPLICE	KRT13^ENSG00000171401.10	chr17:39659539:-	KRT4^ENSG00000170477.8	chr12:53204590:-	YES	0.1825	GT	1.6402	AG	1.7465	NA	TCGA	FusionInspector	3419	11852	396689	48248	0	0.01
HNSC-CV-7183-NT	KRT13--KRT4	6	349	6	3.45	INCL_NON_REF_SPLICE	KRT13^ENSG00000171401.10	chr17:39658636:-	KRT4^ENSG00000170477.8	chr12:53201470:-	NO	0.1343	AG	1.7056	CG	1.7968	NA	TCGA	FusionInspector	4322	14695	323214	50068	0	0.01
HNSC-CV-7183-NT	KRT13--KRT4	3	313	3	1.48	INCL_NON_REF_SPLICE	KRT13^ENSG00000171401.10	chr17:39659189:-	KRT4^ENSG00000170477.8	chr12:53202146:-	YES	0.0636	GT	1.9656	AG	1.7819	NA	TCGA	FusionInspector	3769	14019	492492	51128	0	0.01
HNSC-CV-7183-NT	KRT13--KRT4	3	293	3	1.36	INCL_NON_REF_SPLICE	KRT13^ENSG00000171401.10	chr17:39657593:-	KRT4^ENSG00000170477.8	chr12:53201015:-	YES	0.0619	CT	1.6729	AC	1.9329	NA	TCGA	FusionInspector	5365	15150	376258	51940	0	0.01
HNSC-CV-7183-NT	KRT13--KRT4	4	214	4	30.76	INCL_NON_REF_SPLICE	KRT13^ENSG00000171401.10	chr17:39661569:-	KRT4^ENSG00000170477.8	chr12:53207596:-	NO	0.4941	GG	1.7232	CT	1.2729	NA	TCGA	FusionInspector	1389	9465	29531	27497	0.01	0.01
HNSC-CV-7183-NT	KRT13--KRT4	1	222	1	0.28	ONLY_REF_SPLICE	KRT13^ENSG00000171401.10	chr17:39661308:-	KRT4^ENSG00000170477.8	chr12:53202203:-	NO	0.0182	GT	1.8062	AG	1.8892	NA	TCGA	FusionInspector	1650	13962	247606	48673	0	0
HNSC-CV-7183-NT	KRT13--KRT4	4	177	4	0.99	INCL_NON_REF_SPLICE	KRT13^ENSG00000171401.10	chr17:39657554:-	KRT4^ENSG00000170477.8	chr12:53200871:-	YES	0.071	CT	1.7465	AC	1.8062	NA	TCGA	FusionInspector	5404	15294	403139	53209	0	0
HNSC-CV-7183-NT	KRT13--KRT4	3	171	3	0.58	INCL_NON_REF_SPLICE	KRT13^ENSG00000171401.10	chr17:39661434:-	KRT4^ENSG00000170477.8	chr12:53201555:-	YES	0.0508	GC	1.8295	CT	1.6895	NA	TCGA	FusionInspector	1524	14610	152795	50966	0	0
HNSC-CV-7183-NT	KRT13--KRT4	3	104	3	0.32	INCL_NON_REF_SPLICE	KRT13^ENSG00000171401.10	chr17:39661544:-	KRT4^ENSG00000170477.8	chr12:53200959:-	YES	0.0471	GT	1.2729	TA	1.5656	NA	TCGA	FusionInspector	1414	15206	37111	51779	0	0
