BT474	nFuse	ACACA--STAC2	66	82
BT474	nFuse	THRA--AC090627.1	11	121
BT474	nFuse	THRA--AC090627.1	117	8
BT474	nFuse	TOB1--SYNRG	54	43
BT474	nFuse	RPS6KB1--SNF8	42	54
BT474	nFuse	VAPB--IKZF3	12	54
BT474	nFuse	ZMYND8--CEP250	17	46
BT474	nFuse	TOB1--SYNRG	54	4
BT474	nFuse	AHCTF1--NAAA	13	31
BT474	nFuse	MED1--STXBP4	14	20
BT474	nFuse	STX16--RAE1	9	21
BT474	nFuse	RAB22A--MYO9B	14	11
BT474	nFuse	MED1--ACSF2	11	12
BT474	nFuse	STX16--RAE1	6	12
BT474	nFuse	MED13--BCAS3	4	13
BT474	nFuse	STARD3--DOK5	7	9
BT474	nFuse	SKA2--MYO19	5	8
BT474	nFuse	TRPC4AP--MRPL45	2	9
BT474	nFuse	DIDO1--TTI1	2	7
BT474	nFuse	PIP4K2B--RAD51C	3	5
BT474	nFuse	LAMP1--MCF2L	2	5
BT474	nFuse	USP32--MED1	3	4
BT474	nFuse	GLB1--CMTM7	2	5
BT474	nFuse	DIDO1--TTI1	2	4
BT474	nFuse	CPNE1--PI3	1	4
BT474	STARSEQR	THRA--AC090627.1	77	109
BT474	STARSEQR	TOB1--SYNRG	22	46
BT474	STARSEQR	RPS6KB1--SNF8	18	49
BT474	STARSEQR	ACACA--STAC2	14	50
BT474	STARSEQR	VAPB--IKZF3	17	44
BT474	STARSEQR	ZMYND8--CEP250	4	45
BT474	STARSEQR	AHCTF1--NAAA	5	40
BT474	STARSEQR	STX16--RAE1	4	30
BT474	STARSEQR	MED1--STXBP4	7	17
BT474	STARSEQR	RAB22A--MYO9B	7	14
BT474	STARSEQR	MED1--ACSF2	9	12
BT474	STARSEQR	MED13--BCAS3	1	13
BT474	STARSEQR	STARD3--DOK5	4	9
BT474	STARSEQR	DIDO1--TTI1	1	7
BT474	STARSEQR	SKA2--MYO19	1	7
BT474	STARSEQR	GLB1--CMTM7	2	5
BT474	STARSEQR	LAMP1--MCF2L	2	5
BT474	STARSEQR	CPNE1--PI3	1	4
BT474	STARSEQR	TRPC4AP--MRPL45	1	2
BT474	STARSEQR	PIP4K2B--RAD51C	1	2
BT474	SOAP-fuse	ACACA--STAC2	64	49
BT474	SOAP-fuse	RPS6KB1--SNF8	43	38
BT474	SOAP-fuse	TOB1--SYNRG	44	32
BT474	SOAP-fuse	VAPB--IKZF3	23	39
BT474	SOAP-fuse	ZMYND8--CEP250	19	40
BT474	SOAP-fuse	AHCTF1--NAAA	15	34
BT474	SOAP-fuse	VAPB--IKZF3	3	45
BT474	SOAP-fuse	RPS6KB1--SNF8	1	45
BT474	SOAP-fuse	STX16--RAE1	1	32
BT474	SOAP-fuse	MED1--STXBP4	15	14
BT474	SOAP-fuse	STX16--RAE1	1	27
BT474	SOAP-fuse	STX16--RAE1	5	23
BT474	SOAP-fuse	RAB22A--MYO9B	17	9
BT474	SOAP-fuse	STX16--RAE1	5	13
BT474	SOAP-fuse	MED1--ACSF2	8	10
BT474	SOAP-fuse	STARD3--DOK5	6	8
BT474	SOAP-fuse	VAPB--IKZF3	4	9
BT474	SOAP-fuse	SKA2--MYO19	8	4
BT474	SOAP-fuse	MED13--BCAS3	2	7
BT474	SOAP-fuse	SKA2--MYO19	5	3
BT474	SOAP-fuse	TRPC4AP--MRPL45	2	5
BT474	SOAP-fuse	LAMP1--MCF2L	2	5
BT474	SOAP-fuse	GLB1--CMTM7	2	5
BT474	SOAP-fuse	USP32--MED1	3	3
BT474	SOAP-fuse	CPNE1--PI3	2	4
BT474	SOAP-fuse	DIDO1--TTI1	2	4
BT474	SOAP-fuse	CPNE1--PI3	2	4
BT474	SOAP-fuse	PIP4K2B--RAD51C	3	2
BT474	SOAP-fuse	PIP4K2B--RAD51C	2	3
BT474	SOAP-fuse	PIP4K2B--RAD51C	1	4
BT474	SOAP-fuse	MED13--BCAS3	3	2
BT474	SOAP-fuse	ZMYND8--CEP250	2	2
BT474	SOAP-fuse	TRPC4AP--MRPL45	2	2
BT474	SOAP-fuse	PIP4K2B--RAD51C	1	1
BT474	TrinityFusion-UC	THRA--AC090627.1	62	49
BT474	TrinityFusion-UC	ACACA--STAC2	41	24
BT474	TrinityFusion-UC	RPS6KB1--SNF8	23	23
BT474	TrinityFusion-UC	VAPB--IKZF3	13	28
BT474	TrinityFusion-UC	THRA--AC090627.1	18	4
BT474	TrinityFusion-UC	TOB1--SYNRG	13	6
BT474	TrinityFusion-UC	AHCTF1--NAAA	3	9
BT474	TrinityFusion-UC	MED1--ACSF2	6	4
BT474	TrinityFusion-UC	MED1--STXBP4	4	5
BT474	TrinityFusion-UC	STARD3--DOK5	3	3
BT474	TrinityFusion-UC	STX16--RAE1	4	2
BT474	TrinityFusion-UC	SKA2--MYO19	4	2
BT474	TrinityFusion-UC	LAMP1--MCF2L	2	1
BT474	TrinityFusion-UC	MED13--BCAS3	1	1
BT474	TrinityFusion-UC	SKA2--MYO19	2	0
BT474	ChimeraScan	THRA--AC090627.1	71	67
BT474	ChimeraScan	ACACA--STAC2	29	44
BT474	ChimeraScan	TOB1--SYNRG	20	22
BT474	ChimeraScan	ZMYND8--CEP250	8	30
BT474	ChimeraScan	VAPB--IKZF3	13	24
BT474	ChimeraScan	RPS6KB1--SNF8	0	31
BT474	ChimeraScan	MED1--STXBP4	3	8
BT474	ChimeraScan	RAB22A--MYO9B	3	8
BT474	ChimeraScan	GLB1--CMTM7	2	7
BT474	ChimeraScan	SKA2--MYO19	1	7
BT474	ChimeraScan	STARD3--DOK5	2	6
BT474	ChimeraScan	DIDO1--TTI1	2	6
BT474	ChimeraScan	STX16--RAE1	1	6
BT474	ChimeraScan	MED13--BCAS3	0	6
BT474	ChimeraScan	MED1--ACSF2	0	5
BT474	ChimeraScan	LAMP1--MCF2L	0	4
BT474	ChimeraScan	CPNE1--PI3	0	3
BT474	ChimeraScan	PIP4K2B--RAD51C	0	3
BT474	TrinityFusion-D	THRA--AC090627.1	62	57
BT474	TrinityFusion-D	THRA--AC090627.1	59	53
BT474	TrinityFusion-D	ACACA--STAC2	41	24
BT474	TrinityFusion-D	ACACA--STAC2	41	24
BT474	TrinityFusion-D	ACACA--STAC2	41	24
BT474	TrinityFusion-D	ACACA--STAC2	41	24
BT474	TrinityFusion-D	RPS6KB1--SNF8	23	23
BT474	TrinityFusion-D	VAPB--IKZF3	12	28
BT474	TrinityFusion-D	THRA--AC090627.1	20	12
BT474	TrinityFusion-D	ZMYND8--CEP250	4	18
BT474	TrinityFusion-D	ZMYND8--CEP250	5	17
BT474	TrinityFusion-D	ZMYND8--CEP250	3	18
BT474	TrinityFusion-D	ZMYND8--CEP250	4	17
BT474	TrinityFusion-D	ZMYND8--CEP250	5	16
BT474	TrinityFusion-D	ZMYND8--CEP250	5	16
BT474	TrinityFusion-D	TOB1--SYNRG	16	5
BT474	TrinityFusion-D	ZMYND8--CEP250	3	17
BT474	TrinityFusion-D	ZMYND8--CEP250	4	16
BT474	TrinityFusion-D	ZMYND8--CEP250	3	16
BT474	TrinityFusion-D	ZMYND8--CEP250	3	16
BT474	TrinityFusion-D	ZMYND8--CEP250	4	15
BT474	TrinityFusion-D	ZMYND8--CEP250	4	15
BT474	TrinityFusion-D	TOB1--SYNRG	13	6
BT474	TrinityFusion-D	ZMYND8--CEP250	3	13
BT474	TrinityFusion-D	RAB22A--MYO9B	7	3
BT474	TrinityFusion-D	GLB1--CMTM7	1	3
BT474	FusionHunter	ACACA--STAC2	24	36
BT474	FusionHunter	VAPB--IKZF3	21	37
BT474	FusionHunter	ZMYND8--CEP250	10	32
BT474	FusionHunter	TOB1--SYNRG	16	18
BT474	FusionHunter	RPS6KB1--SNF8	17	13
BT474	FusionHunter	STX16--RAE1	5	22
BT474	FusionHunter	STARD3--DOK5	6	5
BT474	FusionHunter	DIDO1--TTI1	2	8
BT474	FusionHunter	TRPC4AP--MRPL45	5	5
BT474	FusionHunter	GLB1--CMTM7	4	6
BT474	FusionHunter	MED13--BCAS3	3	6
BT474	FusionHunter	CPNE1--PI3	2	4
BT474	ARRIBA	THRA--AC090627.1	73	106
BT474	ARRIBA	RPS6KB1--SNF8	25	50
BT474	ARRIBA	TOB1--SYNRG	19	45
BT474	ARRIBA	VAPB--IKZF3	17	42
BT474	ARRIBA	ACACA--STAC2	10	46
BT474	ARRIBA	RPS6KB1--SNF8	1	50
BT474	ARRIBA	VAPB--IKZF3	2	48
BT474	ARRIBA	ZMYND8--CEP250	3	45
BT474	ARRIBA	THRA--AC090627.1	20	19
BT474	ARRIBA	STX16--RAE1	1	36
BT474	ARRIBA	AHCTF1--NAAA	1	34
BT474	ARRIBA	AHCTF1--NAAA	4	31
BT474	ARRIBA	STX16--RAE1	3	30
BT474	ARRIBA	MED1--STXBP4	7	17
BT474	ARRIBA	STX16--RAE1	1	20
BT474	ARRIBA	MED1--ACSF2	9	11
BT474	ARRIBA	RAB22A--MYO9B	5	12
BT474	ARRIBA	STARD3--DOK5	5	8
BT474	ARRIBA	DIDO1--TTI1	1	10
BT474	ARRIBA	VAPB--IKZF3	2	9
BT474	ARRIBA	SKA2--MYO19	1	9
BT474	ARRIBA	GLB1--CMTM7	2	6
BT474	ARRIBA	DIDO1--TTI1	1	7
BT474	ARRIBA	CPNE1--PI3	1	4
BT474	ARRIBA	MED13--BCAS3	2	3
BT474	ARRIBA	CPNE1--PI3	0	4
BT474	ARRIBA	PIP4K2B--RAD51C	2	2
BT474	ARRIBA	TRPC4AP--MRPL45	1	2
BT474	ARRIBA	THRA--AC090627.1	2	1
BT474	ARRIBA	CPNE1--PI3	1	1
BT474	ARRIBA	PIP4K2B--RAD51C	1	1
BT474	ARRIBA	GLB1--CMTM7	1	0
BT474	ARRIBA	PIP4K2B--RAD51C	0	0
BT474	ARRIBA	MED13--BCAS3	0	0
BT474	ARRIBA	SKA2--MYO19	0	0
BT474	ARRIBA	STX16--RAE1	0	0
BT474	ARRIBA	STX16--RAE1	0	0
BT474	ARRIBA_hc	THRA--AC090627.1	73	106
BT474	ARRIBA_hc	RPS6KB1--SNF8	25	50
BT474	ARRIBA_hc	TOB1--SYNRG	19	45
BT474	ARRIBA_hc	VAPB--IKZF3	17	42
BT474	ARRIBA_hc	ACACA--STAC2	10	46
BT474	ARRIBA_hc	ZMYND8--CEP250	3	45
BT474	ARRIBA_hc	THRA--AC090627.1	20	19
BT474	ARRIBA_hc	AHCTF1--NAAA	4	31
BT474	ARRIBA_hc	STX16--RAE1	3	30
BT474	ARRIBA_hc	MED1--STXBP4	7	17
BT474	ARRIBA_hc	STX16--RAE1	1	20
BT474	ARRIBA_hc	MED1--ACSF2	9	11
BT474	ARRIBA_hc	RAB22A--MYO9B	5	12
BT474	ARRIBA_hc	STARD3--DOK5	5	8
BT474	ARRIBA_hc	DIDO1--TTI1	1	10
BT474	ARRIBA_hc	VAPB--IKZF3	2	9
BT474	ARRIBA_hc	SKA2--MYO19	1	9
BT474	ARRIBA_hc	GLB1--CMTM7	2	6
BT474	ARRIBA_hc	DIDO1--TTI1	1	7
BT474	ARRIBA_hc	CPNE1--PI3	1	4
BT474	ARRIBA_hc	MED13--BCAS3	2	3
BT474	ARRIBA_hc	THRA--AC090627.1	2	1
BT474	TopHat-Fusion	THRA--AC090627.1	84	63
BT474	TopHat-Fusion	ACACA--STAC2	65	50
BT474	TopHat-Fusion	RPS6KB1--SNF8	54	43
BT474	TopHat-Fusion	THRA--AC090627.1	2	63
BT474	TopHat-Fusion	TOB1--SYNRG	27	24
BT474	TopHat-Fusion	VAPB--IKZF3	19	28
BT474	TopHat-Fusion	RPS6KB1--SNF8	1	43
BT474	TopHat-Fusion	ZMYND8--CEP250	10	34
BT474	TopHat-Fusion	THRA--AC090627.1	27	16
BT474	TopHat-Fusion	AHCTF1--NAAA	12	28
BT474	TopHat-Fusion	STX16--RAE1	7	29
BT474	TopHat-Fusion	MED1--STXBP4	13	14
BT474	TopHat-Fusion	MED1--ACSF2	11	11
BT474	TopHat-Fusion	RAB22A--MYO9B	8	7
BT474	TopHat-Fusion	VAPB--IKZF3	4	9
BT474	TopHat-Fusion	STARD3--DOK5	6	6
BT474	TopHat-Fusion	MED13--BCAS3	3	7
BT474	TopHat-Fusion	SKA2--MYO19	5	5
BT474	TopHat-Fusion	SKA2--MYO19	5	5
BT474	TopHat-Fusion	VAPB--IKZF3	3	6
BT474	TopHat-Fusion	DIDO1--TTI1	1	7
BT474	TopHat-Fusion	GLB1--CMTM7	2	5
BT474	TopHat-Fusion	PIP4K2B--RAD51C	2	2
BT474	TopHat-Fusion	PIP4K2B--RAD51C	1	2
BT474	TopHat-Fusion	PIP4K2B--RAD51C	1	1
BT474	STAR_FUSION_v1.5	THRA--AC090627.1	77	108
BT474	STAR_FUSION_v1.5	THRA--AC090627.1	19	107
BT474	STAR_FUSION_v1.5	ACACA--STAC2	48	66
BT474	STAR_FUSION_v1.5	RPS6KB1--SNF8	31	49
BT474	STAR_FUSION_v1.5	TOB1--SYNRG	19	45
BT474	STAR_FUSION_v1.5	VAPB--IKZF3	16	47
BT474	STAR_FUSION_v1.5	VAPB--IKZF3	3	46
BT474	STAR_FUSION_v1.5	VAPB--IKZF3	3	46
BT474	STAR_FUSION_v1.5	ZMYND8--CEP250	2	45
BT474	STAR_FUSION_v1.5	AHCTF1--NAAA	5	42
BT474	STAR_FUSION_v1.5	AHCTF1--NAAA	1	42
BT474	STAR_FUSION_v1.5	STX16--RAE1	4	35
BT474	STAR_FUSION_v1.5	STX16--RAE1	4	25
BT474	STAR_FUSION_v1.5	MED1--STXBP4	11	17
BT474	STAR_FUSION_v1.5	RAB22A--MYO9B	7	13
BT474	STAR_FUSION_v1.5	MED1--ACSF2	7	11
BT474	STAR_FUSION_v1.5	MED13--BCAS3	2	13
BT474	STAR_FUSION_v1.5	MED13--BCAS3	1	13
BT474	STAR_FUSION_v1.5	SKA2--MYO19	5	9
BT474	STAR_FUSION_v1.5	SKA2--MYO19	5	9
BT474	STAR_FUSION_v1.5	STARD3--DOK5	4	9
BT474	STAR_FUSION_v1.5	DIDO1--TTI1	1	10
BT474	STAR_FUSION_v1.5	DIDO1--TTI1	1	10
BT474	STAR_FUSION_v1.5	TRPC4AP--MRPL45	1	8
BT474	STAR_FUSION_v1.5	TRPC4AP--MRPL45	1	8
BT474	STAR_FUSION_v1.5	GLB1--CMTM7	1	6
BT474	STAR_FUSION_v1.5	GLB1--CMTM7	1	6
BT474	STAR_FUSION_v1.5	LAMP1--MCF2L	2	5
BT474	STAR_FUSION_v1.5	CPNE1--PI3	1	5
BT474	STAR_FUSION_v1.5	PIP4K2B--RAD51C	1	4
BT474	STAR_FUSION_v1.5	PIP4K2B--RAD51C	1	4
BT474	FUSION_CATCHER_V0994e	THRA--AC090627.1	20	74
BT474	FUSION_CATCHER_V0994e	THRA--AC090627.1	13	74
BT474	FUSION_CATCHER_V0994e	ACACA--STAC2	17	44
BT474	FUSION_CATCHER_V0994e	VAPB--IKZF3	10	41
BT474	FUSION_CATCHER_V0994e	VAPB--IKZF3	3	41
BT474	FUSION_CATCHER_V0994e	VAPB--IKZF3	2	41
BT474	FUSION_CATCHER_V0994e	TOB1--SYNRG	13	23
BT474	FUSION_CATCHER_V0994e	STX16--RAE1	5	28
BT474	FUSION_CATCHER_V0994e	ZMYND8--CEP250	3	28
BT474	FUSION_CATCHER_V0994e	ZMYND8--CEP250	2	28
BT474	FUSION_CATCHER_V0994e	STX16--RAE1	2	28
BT474	FUSION_CATCHER_V0994e	RPS6KB1--SNF8	15	14
BT474	FUSION_CATCHER_V0994e	AHCTF1--NAAA	4	19
BT474	FUSION_CATCHER_V0994e	MED1--STXBP4	8	10
BT474	FUSION_CATCHER_V0994e	MED1--ACSF2	6	9
BT474	FUSION_CATCHER_V0994e	MED13--BCAS3	3	9
BT474	FUSION_CATCHER_V0994e	RAB22A--MYO9B	6	4
BT474	FUSION_CATCHER_V0994e	SKA2--MYO19	5	5
BT474	FUSION_CATCHER_V0994e	STARD3--DOK5	3	5
BT474	FUSION_CATCHER_V0994e	SKA2--MYO19	3	5
BT474	FUSION_CATCHER_V0994e	USP32--MED1	3	4
BT474	FUSION_CATCHER_V0994e	TRPC4AP--MRPL45	2	5
BT474	FUSION_CATCHER_V0994e	GLB1--CMTM7	2	4
BT474	FUSION_CATCHER_V0994e	CPNE1--PI3	2	4
BT474	ChimPipe	THRA--AC090627.1	169	62
BT474	ChimPipe	TOB1--SYNRG	93	12
BT474	ChimPipe	ACACA--STAC2	45	47
BT474	ChimPipe	THRA--AC090627.1	58	14
BT474	ChimPipe	RPS6KB1--SNF8	39	25
BT474	ChimPipe	VAPB--IKZF3	11	35
BT474	ChimPipe	VAPB--IKZF3	3	42
BT474	ChimPipe	AHCTF1--NAAA	5	32
BT474	ChimPipe	ZMYND8--CEP250	5	32
BT474	ChimPipe	AHCTF1--NAAA	1	33
BT474	ChimPipe	RPS6KB1--SNF8	1	25
BT474	ChimPipe	MED1--STXBP4	12	13
BT474	ChimPipe	STX16--RAE1	2	20
BT474	ChimPipe	USP32--MED1	19	2
BT474	ChimPipe	SKA2--MYO19	15	3
BT474	ChimPipe	SKA2--MYO19	14	4
BT474	ChimPipe	MED1--ACSF2	5	10
BT474	ChimPipe	RAB22A--MYO9B	7	7
BT474	ChimPipe	DIDO1--TTI1	7	6
BT474	ChimPipe	VAPB--IKZF3	4	9
BT474	ChimPipe	STARD3--DOK5	4	8
BT474	ChimPipe	DIDO1--TTI1	6	4
BT474	ChimPipe	LAMP1--MCF2L	3	5
BT474	ChimPipe	GLB1--CMTM7	1	5
BT474	ChimPipe	TRPC4AP--MRPL45	1	5
BT474	ChimPipe	CPNE1--PI3	1	4
BT474	ChimPipe	MED13--BCAS3	2	2
BT474	ChimPipe	PIP4K2B--RAD51C	1	3
BT474	ChimPipe	TRPC4AP--MRPL45	2	2
BT474	ChimPipe	ZMYND8--CEP250	2	1
BT474	TrinityFusion-C	THRA--AC090627.1	62	49
BT474	TrinityFusion-C	ACACA--STAC2	41	24
BT474	TrinityFusion-C	RPS6KB1--SNF8	23	23
BT474	TrinityFusion-C	VAPB--IKZF3	13	28
BT474	TrinityFusion-C	THRA--AC090627.1	17	4
BT474	TrinityFusion-C	TOB1--SYNRG	12	6
BT474	TrinityFusion-C	AHCTF1--NAAA	3	9
BT474	TrinityFusion-C	MED1--ACSF2	6	3
BT474	TrinityFusion-C	MED1--STXBP4	3	5
BT474	TrinityFusion-C	STX16--RAE1	4	2
BT474	TrinityFusion-C	SKA2--MYO19	4	0
BT474	TrinityFusion-C	TRPC4AP--MRPL45	1	2
BT474	TrinityFusion-C	MED13--BCAS3	1	1
BT474	PIZZLY	ACACA--STAC2	34	47
BT474	PIZZLY	VAPB--IKZF3	17	39
BT474	PIZZLY	RPS6KB1--SNF8	12	40
BT474	PIZZLY	TOB1--SYNRG	24	23
BT474	PIZZLY	ZMYND8--CEP250	12	29
BT474	PIZZLY	AHCTF1--NAAA	9	27
BT474	PIZZLY	STX16--RAE1	6	25
BT474	PIZZLY	MED1--STXBP4	5	15
BT474	PIZZLY	RAB22A--MYO9B	8	8
BT474	PIZZLY	MED13--BCAS3	3	10
BT474	PIZZLY	DIDO1--TTI1	3	7
BT474	PIZZLY	TRPC4AP--MRPL45	3	6
BT474	PIZZLY	SKA2--MYO19	5	4
BT474	PIZZLY	MED1--ACSF2	3	6
BT474	PIZZLY	STARD3--DOK5	3	4
BT474	PIZZLY	GLB1--CMTM7	1	5
BT474	PIZZLY	PIP4K2B--RAD51C	4	2
BT474	PIZZLY	LAMP1--MCF2L	1	5
BT474	PIZZLY	USP32--MED1	1	4
BT474	PIZZLY	CPNE1--PI3	0	4
BT474	PIZZLY	CPNE1--PI3	0	4
BT474	MapSplice	ACACA--STAC2	74	88
BT474	MapSplice	RPS6KB1--SNF8	76	64
BT474	MapSplice	TOB1--SYNRG	61	48
BT474	MapSplice	VAPB--IKZF3	27	66
BT474	MapSplice	ZMYND8--CEP250	22	64
BT474	MapSplice	AHCTF1--NAAA	16	56
BT474	MapSplice	VAPB--IKZF3	3	58
BT474	MapSplice	STX16--RAE1	9	32
BT474	MapSplice	MED1--STXBP4	15	24
BT474	MapSplice	RAB22A--MYO9B	20	10
BT474	MapSplice	MED1--ACSF2	8	20
BT474	MapSplice	VAPB--IKZF3	5	18
BT474	MapSplice	STARD3--DOK5	6	12
BT474	MapSplice	MED13--BCAS3	2	14
BT474	MapSplice	SKA2--MYO19	8	8
BT474	MapSplice	GLB1--CMTM7	3	10
BT474	MapSplice	SKA2--MYO19	7	6
BT474	MapSplice	DIDO1--TTI1	2	8
BT474	MapSplice	MED13--BCAS3	4	4
BT474	MapSplice	DIDO1--TTI1	2	4
BT474	FUSIONCATCHER_v1.10_June192019	THRA--AC090627.1	21	74
BT474	FUSIONCATCHER_v1.10_June192019	THRA--AC090627.1	14	74
BT474	FUSIONCATCHER_v1.10_June192019	ACACA--STAC2	18	44
BT474	FUSIONCATCHER_v1.10_June192019	RPS6KB1--SNF8	16	41
BT474	FUSIONCATCHER_v1.10_June192019	VAPB--IKZF3	11	41
BT474	FUSIONCATCHER_v1.10_June192019	VAPB--IKZF3	3	41
BT474	FUSIONCATCHER_v1.10_June192019	VAPB--IKZF3	2	41
BT474	FUSIONCATCHER_v1.10_June192019	TOB1--SYNRG	14	23
BT474	FUSIONCATCHER_v1.10_June192019	ZMYND8--CEP250	6	28
BT474	FUSIONCATCHER_v1.10_June192019	STX16--RAE1	5	28
BT474	FUSIONCATCHER_v1.10_June192019	ZMYND8--CEP250	2	28
BT474	FUSIONCATCHER_v1.10_June192019	STX16--RAE1	2	28
BT474	FUSIONCATCHER_v1.10_June192019	AHCTF1--NAAA	5	20
BT474	FUSIONCATCHER_v1.10_June192019	MED1--STXBP4	8	11
BT474	FUSIONCATCHER_v1.10_June192019	MED1--ACSF2	6	9
BT474	FUSIONCATCHER_v1.10_June192019	MED13--BCAS3	3	9
BT474	FUSIONCATCHER_v1.10_June192019	RAB22A--MYO9B	6	4
BT474	FUSIONCATCHER_v1.10_June192019	SKA2--MYO19	5	5
BT474	FUSIONCATCHER_v1.10_June192019	STARD3--DOK5	4	5
BT474	FUSIONCATCHER_v1.10_June192019	SKA2--MYO19	3	5
BT474	FUSIONCATCHER_v1.10_June192019	TRPC4AP--MRPL45	2	6
BT474	FUSIONCATCHER_v1.10_June192019	USP32--MED1	3	4
BT474	FUSIONCATCHER_v1.10_June192019	GLB1--CMTM7	2	4
BT474	FUSIONCATCHER_v1.10_June192019	CPNE1--PI3	2	4
BT474	JAFFA-Assembly	ACACA--STAC2	50	41
BT474	JAFFA-Assembly	RPS6KB1--SNF8	36	37
BT474	JAFFA-Assembly	VAPB--IKZF3	14	34
BT474	JAFFA-Assembly	THRA--AC090627.1	29	15
BT474	JAFFA-Assembly	TOB1--SYNRG	18	25
BT474	JAFFA-Assembly	ZMYND8--CEP250	5	36
BT474	JAFFA-Assembly	STX16--RAE1	13	13
BT474	JAFFA-Assembly	MED1--STXBP4	8	13
BT474	JAFFA-Assembly	MED1--ACSF2	7	7
BT474	JAFFA-Assembly	STARD3--DOK5	5	7
BT474	JAFFA-Assembly	RAB22A--MYO9B	1	8
BT474	JAFFA-Assembly	SKA2--MYO19	5	4
BT474	JAFFA-Assembly	VAPB--IKZF3	2	6
BT474	JAFFA-Assembly	GLB1--CMTM7	2	4
BT474	JAFFA-Assembly	SKA2--MYO19	4	0
BT474	JAFFA-Assembly	VAPB--IKZF3	3	1
BT474	JAFFA-Assembly	DIDO1--TTI1	0	2
BT474	deFuse	THRA--AC090627.1	121	58
BT474	deFuse	ACACA--STAC2	78	45
BT474	deFuse	RPS6KB1--SNF8	60	41
BT474	deFuse	TOB1--SYNRG	58	18
BT474	deFuse	THRA--AC090627.1	45	14
BT474	deFuse	VAPB--IKZF3	27	31
BT474	deFuse	ZMYND8--CEP250	26	29
BT474	deFuse	AHCTF1--NAAA	17	30
BT474	deFuse	MED1--STXBP4	16	14
BT474	deFuse	RAB22A--MYO9B	20	9
BT474	deFuse	STX16--RAE1	10	11
BT474	deFuse	MED1--ACSF2	13	7
BT474	deFuse	VAPB--IKZF3	10	7
BT474	deFuse	STX16--RAE1	8	8
BT474	deFuse	MED13--BCAS3	5	10
BT474	deFuse	STARD3--DOK5	6	7
BT474	deFuse	SKA2--MYO19	6	7
BT474	deFuse	DIDO1--TTI1	3	6
BT474	deFuse	LAMP1--MCF2L	3	5
BT474	deFuse	TRPC4AP--MRPL45	2	5
BT474	deFuse	GLB1--CMTM7	2	5
BT474	EricScript	RPS6KB1--SNF8	54	99
BT474	EricScript	VAPB--IKZF3	54	33
BT474	EricScript	ZMYND8--CEP250	49	30
BT474	EricScript	AHCTF1--NAAA	43	23
BT474	EricScript	MED1--STXBP4	20	20
BT474	EricScript	RAB22A--MYO9B	17	21
BT474	EricScript	MED1--ACSF2	12	15
BT474	EricScript	MED13--BCAS3	14	10
BT474	EricScript	STARD3--DOK5	11	6
BT474	EricScript	SKA2--MYO19	6	10
BT474	EricScript	GLB1--CMTM7	6	6
BT474	EricScript	LAMP1--MCF2L	6	4
BT474	STAR_FUSION_1.9.1	THRA--AC090627.1	80	108
BT474	STAR_FUSION_1.9.1	ACACA--STAC2	52	66
BT474	STAR_FUSION_1.9.1	RPS6KB1--SNF8	34	49
BT474	STAR_FUSION_1.9.1	TOB1--SYNRG	27	45
BT474	STAR_FUSION_1.9.1	VAPB--IKZF3	19	41
BT474	STAR_FUSION_1.9.1	THRA--AC090627.1	25	26
BT474	STAR_FUSION_1.9.1	VAPB--IKZF3	3	47
BT474	STAR_FUSION_1.9.1	ZMYND8--CEP250	4	45
BT474	STAR_FUSION_1.9.1	AHCTF1--NAAA	7	41
BT474	STAR_FUSION_1.9.1	AHCTF1--NAAA	1	42
BT474	STAR_FUSION_1.9.1	STX16--RAE1	7	31
BT474	STAR_FUSION_1.9.1	STX16--RAE1	2	35
BT474	STAR_FUSION_1.9.1	STX16--RAE1	1	35
BT474	STAR_FUSION_1.9.1	MED1--STXBP4	12	17
BT474	STAR_FUSION_1.9.1	RAB22A--MYO9B	8	13
BT474	STAR_FUSION_1.9.1	MED1--ACSF2	9	11
BT474	STAR_FUSION_1.9.1	STARD3--DOK5	6	9
BT474	STAR_FUSION_1.9.1	MED13--BCAS3	1	13
BT474	STAR_FUSION_1.9.1	SKA2--MYO19	6	8
BT474	STAR_FUSION_1.9.1	VAPB--IKZF3	3	10
BT474	STAR_FUSION_1.9.1	DIDO1--TTI1	1	10
BT474	STAR_FUSION_1.9.1	SKA2--MYO19	5	6
BT474	STAR_FUSION_1.9.1	DIDO1--TTI1	1	7
BT474	STAR_FUSION_1.9.1	TRPC4AP--MRPL45	1	7
BT474	STAR_FUSION_1.9.1	GLB1--CMTM7	2	6
BT474	STAR_FUSION_1.9.1	LAMP1--MCF2L	2	5
BT474	STAR_FUSION_1.9.1	USP32--MED1	1	5
BT474	STAR_FUSION_1.9.1	ZMYND8--CEP250	2	4
BT474	STAR_FUSION_1.9.1	CPNE1--PI3	1	4
BT474	STAR_FUSION_1.9.1	MED13--BCAS3	2	3
BT474	STAR_FUSION_1.9.1	PIP4K2B--RAD51C	1	3
BT474	STAR_FUSION_1.9.1	TRPC4AP--MRPL45	1	3
BT474	STAR_FUSION_1.9.1	PIP4K2B--RAD51C	2	2
BT474	STAR_FUSION_1.9.1	PIP4K2B--RAD51C	1	1
BT474	STARCHIP_csm10_pGm2_May012019	THRA--AC090627.1	78	82
BT474	STARCHIP_csm10_pGm2_May012019	TOB1--SYNRG	22	40
BT474	STARCHIP_csm10_pGm2_May012019	ACACA--STAC2	14	42
BT474	STARCHIP_csm10_pGm2_May012019	VAPB--IKZF3	17	32
BT474	STARCHIP_csm10_pGm2_May012019	ZMYND8--CEP250	4	41
BT474	STARCHIP_csm10_pGm2_May012019	THRA--AC090627.1	19	25
BT474	STARCHIP_csm10_pGm2_May012019	RPS6KB1--SNF8	17	21
BT474	STARCHIP_csm10_pGm2_May012019	AHCTF1--NAAA	5	26
BT474	STARCHIP_csm10_pGm2_May012019	MED1--STXBP4	7	16
BT474	STARCHIP_csm10_pGm2_May012019	RAB22A--MYO9B	7	9
BT474	STARCHIP_csm10_pGm2_May012019	STARD3--DOK5	5	9
BT474	STARCHIP_csm10_pGm2_May012019	MED1--ACSF2	8	5
BT474	STARCHIP_csm10_pGm2_May012019	VAPB--IKZF3	2	10
BT474	STARCHIP_csm10_pGm2_May012019	VAPB--IKZF3	2	6
BT474	STARCHIP_csm10_pGm2_May012019	THRA--AC090627.1	2	1
BT474	STARCHIP_csm10_pGm2_May012019	STX16--RAE1	2	1
BT474	InFusion	THRA--AC090627.1	142	65
BT474	InFusion	ACACA--STAC2	78	43
BT474	InFusion	RPS6KB1--SNF8	81	13
BT474	InFusion	TOB1--SYNRG	67	21
BT474	InFusion	ZMYND8--CEP250	26	33
BT474	InFusion	THRA--AC090627.1	48	8
BT474	InFusion	VAPB--IKZF3	28	27
BT474	InFusion	AHCTF1--NAAA	18	26
BT474	InFusion	MED1--STXBP4	17	13
BT474	InFusion	STX16--RAE1	9	21
BT474	InFusion	RAB22A--MYO9B	20	1
BT474	InFusion	RPS6KB1--SNF8	1	20
BT474	InFusion	MED1--ACSF2	10	9
BT474	InFusion	VAPB--IKZF3	6	9
BT474	InFusion	STARD3--DOK5	7	6
BT474	InFusion	VAPB--IKZF3	3	6
BT474	InFusion	LAMP1--MCF2L	3	5
BT474	InFusion	GLB1--CMTM7	3	5
BT474	InFusion	DIDO1--TTI1	3	4
BT474	InFusion	MED13--BCAS3	4	2
BT474	InFusion	PIP4K2B--RAD51C	5	0
BT474	InFusion	DIDO1--TTI1	3	2
BT474	InFusion	CPNE1--PI3	1	4
BT474	JAFFA-Hybrid	ACACA--STAC2	50	41
BT474	JAFFA-Hybrid	RPS6KB1--SNF8	36	37
BT474	JAFFA-Hybrid	VAPB--IKZF3	14	34
BT474	JAFFA-Hybrid	THRA--AC090627.1	29	15
BT474	JAFFA-Hybrid	TOB1--SYNRG	18	25
BT474	JAFFA-Hybrid	ZMYND8--CEP250	5	36
BT474	JAFFA-Hybrid	STX16--RAE1	13	13
BT474	JAFFA-Hybrid	MED1--STXBP4	8	13
BT474	JAFFA-Hybrid	MED1--ACSF2	7	7
BT474	JAFFA-Hybrid	STARD3--DOK5	5	7
BT474	JAFFA-Hybrid	RAB22A--MYO9B	1	8
BT474	JAFFA-Hybrid	SKA2--MYO19	5	4
BT474	JAFFA-Hybrid	VAPB--IKZF3	2	6
BT474	JAFFA-Hybrid	GLB1--CMTM7	2	4
BT474	JAFFA-Hybrid	SKA2--MYO19	4	0
BT474	JAFFA-Hybrid	VAPB--IKZF3	3	1
BT474	JAFFA-Hybrid	DIDO1--TTI1	0	2
BT474	PRADA	ACACA--STAC2	59	41
BT474	PRADA	VAPB--IKZF3	20	41
BT474	PRADA	TOB1--SYNRG	37	21
BT474	PRADA	RPS6KB1--SNF8	32	20
BT474	PRADA	ZMYND8--CEP250	14	33
BT474	PRADA	VAPB--IKZF3	4	41
BT474	PRADA	VAPB--IKZF3	3	41
BT474	PRADA	AHCTF1--NAAA	10	27
BT474	PRADA	ZMYND8--CEP250	2	33
BT474	PRADA	STX16--RAE1	8	24
BT474	PRADA	AHCTF1--NAAA	1	27
BT474	PRADA	STX16--RAE1	3	24
BT474	PRADA	STX16--RAE1	2	24
BT474	PRADA	MED1--STXBP4	13	12
BT474	PRADA	RPS6KB1--SNF8	1	20
BT474	PRADA	RAB22A--MYO9B	11	6
BT474	PRADA	MED1--ACSF2	10	7
BT474	PRADA	MED13--BCAS3	3	7
BT474	PRADA	SKA2--MYO19	5	5
BT474	PRADA	SKA2--MYO19	5	5
BT474	PRADA	STARD3--DOK5	4	6
BT474	PRADA	MED13--BCAS3	1	7
BT474	PRADA	TRPC4AP--MRPL45	2	6
BT474	PRADA	GLB1--CMTM7	2	5
BT474	PRADA	DIDO1--TTI1	1	6
BT474	PRADA	TRPC4AP--MRPL45	1	6
BT474	PRADA	GLB1--CMTM7	1	5
BT474	PRADA	CPNE1--PI3	2	4
BT474	PRADA	PIP4K2B--RAD51C	3	2
BT474	PRADA	PIP4K2B--RAD51C	2	2
BT474	PRADA	PIP4K2B--RAD51C	1	2
BT474	PRADA	PIP4K2B--RAD51C	1	2
MCF7	nFuse	BCAS4--BCAS3	14	164
MCF7	nFuse	ARFGEF2--SULF2	26	26
MCF7	nFuse	BCAS4--BCAS3	12	5
MCF7	nFuse	RPS6KB1--VMP1	8	5
MCF7	nFuse	AC099850.1--VMP1	6	6
MCF7	nFuse	PAPOLA--AK7	5	6
MCF7	nFuse	GCN1L1--MSI1	4	7
MCF7	STARSEQR	BCAS4--BCAS3	38	181
MCF7	STARSEQR	RPS6KB1--VMP1	10	53
MCF7	STARSEQR	SMARCA4--CARM1	4	32
MCF7	STARSEQR	ARFGEF2--SULF2	4	15
MCF7	STARSEQR	PAPOLA--AK7	6	12
MCF7	STARSEQR	AC099850.1--VMP1	4	6
MCF7	STARSEQR	MYO9B--FCHO1	1	2
MCF7	SOAP-fuse	BCAS4--BCAS3	128	121
MCF7	SOAP-fuse	ARFGEF2--SULF2	16	11
MCF7	SOAP-fuse	BCAS4--BCAS3	10	2
MCF7	SOAP-fuse	RPS6KB1--VMP1	8	3
MCF7	SOAP-fuse	PAPOLA--AK7	5	3
MCF7	SOAP-fuse	SMARCA4--CARM1	2	3
MCF7	SOAP-fuse	ATXN7L3--FAM171A2	3	2
MCF7	SOAP-fuse	SULF2--PRICKLE2	1	2
MCF7	SOAP-fuse	MYO9B--FCHO1	1	2
MCF7	SOAP-fuse	ADAMTS19--SLC27A6	1	1
MCF7	TrinityFusion-UC	BCAS4--BCAS3	70	79
MCF7	TrinityFusion-UC	ARFGEF2--SULF2	11	7
MCF7	TrinityFusion-UC	SMARCA4--CARM1	1	1
MCF7	TrinityFusion-UC	PAPOLA--AK7	2	0
MCF7	ChimeraScan	BCAS4--BCAS3	76	121
MCF7	ChimeraScan	ARFGEF2--SULF2	9	13
MCF7	ChimeraScan	AC099850.1--VMP1	4	4
MCF7	ChimeraScan	PAPOLA--AK7	3	4
MCF7	ChimeraScan	RPS6KB1--VMP1	6	0
MCF7	ChimeraScan	SMARCA4--CARM1	1	2
MCF7	ChimeraScan	MYO9B--FCHO1	1	2
MCF7	ChimeraScan	GCN1L1--MSI1	2	1
MCF7	ChimeraScan	ADAMTS19--SLC27A6	1	1
MCF7	ChimeraScan	ATXN7L3--FAM171A2	1	1
MCF7	TrinityFusion-D	BCAS4--BCAS3	70	79
MCF7	TrinityFusion-D	BCAS4--BCAS3	70	79
MCF7	TrinityFusion-D	BCAS4--BCAS3	69	79
MCF7	TrinityFusion-D	BCAS4--BCAS3	70	78
MCF7	TrinityFusion-D	BCAS4--BCAS3	68	79
MCF7	TrinityFusion-D	ARFGEF2--SULF2	11	7
MCF7	TrinityFusion-D	BCAS4--BCAS3	5	2
MCF7	FusionHunter	BCAS4--BCAS3	31	111
MCF7	FusionHunter	ARFGEF2--SULF2	7	11
MCF7	FusionHunter	AC099850.1--VMP1	5	3
MCF7	FusionHunter	MYO9B--FCHO1	1	2
MCF7	ARRIBA	BCAS4--BCAS3	34	153
MCF7	ARRIBA	BCAS4--BCAS3	4	165
MCF7	ARRIBA	ARFGEF2--SULF2	4	15
MCF7	ARRIBA	RPS6KB1--VMP1	5	5
MCF7	ARRIBA	AC099850.1--VMP1	4	6
MCF7	ARRIBA	GCN1L1--MSI1	0	7
MCF7	ARRIBA	SMARCA4--CARM1	2	3
MCF7	ARRIBA	PAPOLA--AK7	3	2
MCF7	ARRIBA	SULF2--PRICKLE2	1	3
MCF7	ARRIBA	MYO9B--FCHO1	1	3
MCF7	ARRIBA_hc	BCAS4--BCAS3	34	153
MCF7	ARRIBA_hc	ARFGEF2--SULF2	4	15
MCF7	ARRIBA_hc	RPS6KB1--VMP1	5	5
MCF7	ARRIBA_hc	AC099850.1--VMP1	4	6
MCF7	ARRIBA_hc	SMARCA4--CARM1	2	3
MCF7	ARRIBA_hc	PAPOLA--AK7	3	2
MCF7	ARRIBA_hc	SULF2--PRICKLE2	1	3
MCF7	ARRIBA_hc	MYO9B--FCHO1	1	3
MCF7	TopHat-Fusion	BCAS4--BCAS3	109	107
MCF7	TopHat-Fusion	ARFGEF2--SULF2	19	8
MCF7	TopHat-Fusion	BCAS4--BCAS3	10	11
MCF7	TopHat-Fusion	AC099850.1--VMP1	4	4
MCF7	TopHat-Fusion	RPS6KB1--VMP1	6	2
MCF7	TopHat-Fusion	SMARCA4--CARM1	2	3
MCF7	TopHat-Fusion	PAPOLA--AK7	3	1
MCF7	STAR_FUSION_v1.5	BCAS4--BCAS3	12	173
MCF7	STAR_FUSION_v1.5	BCAS4--BCAS3	4	173
MCF7	STAR_FUSION_v1.5	ARFGEF2--SULF2	15	17
MCF7	STAR_FUSION_v1.5	AC099850.1--VMP1	4	6
MCF7	STAR_FUSION_v1.5	RPS6KB1--VMP1	5	5
MCF7	STAR_FUSION_v1.5	PAPOLA--AK7	3	3
MCF7	STAR_FUSION_v1.5	SMARCA4--CARM1	2	3
MCF7	STAR_FUSION_v1.5	SULF2--PRICKLE2	1	3
MCF7	STAR_FUSION_v1.5	MYO9B--FCHO1	1	3
MCF7	STAR_FUSION_v1.5	ADAMTS19--SLC27A6	1	1
MCF7	FUSION_CATCHER_V0994e	BCAS4--BCAS3	19	102
MCF7	FUSION_CATCHER_V0994e	BCAS4--BCAS3	4	102
MCF7	FUSION_CATCHER_V0994e	ARFGEF2--SULF2	11	11
MCF7	FUSION_CATCHER_V0994e	AC099850.1--VMP1	4	4
MCF7	FUSION_CATCHER_V0994e	RPS6KB1--VMP1	5	2
MCF7	FUSION_CATCHER_V0994e	PAPOLA--AK7	3	2
MCF7	FUSION_CATCHER_V0994e	SMARCA4--CARM1	2	3
MCF7	ChimPipe	BCAS4--BCAS3	38	57
MCF7	ChimPipe	ARFGEF2--SULF2	15	8
MCF7	ChimPipe	AC099850.1--VMP1	11	4
MCF7	ChimPipe	RPS6KB1--VMP1	6	2
MCF7	ChimPipe	SMARCA4--CARM1	2	3
MCF7	ChimPipe	PAPOLA--AK7	1	3
MCF7	ChimPipe	MYO9B--FCHO1	1	2
MCF7	TrinityFusion-C	BCAS4--BCAS3	70	78
MCF7	TrinityFusion-C	ARFGEF2--SULF2	11	7
MCF7	TrinityFusion-C	SMARCA4--CARM1	1	1
MCF7	TrinityFusion-C	PAPOLA--AK7	2	0
MCF7	PIZZLY	BCAS4--BCAS3	41	104
MCF7	PIZZLY	ARFGEF2--SULF2	9	13
MCF7	PIZZLY	RPS6KB1--VMP1	5	2
MCF7	PIZZLY	GCN1L1--MSI1	1	5
MCF7	PIZZLY	PAPOLA--AK7	3	2
MCF7	PIZZLY	SMARCA4--CARM1	0	3
MCF7	PIZZLY	SULF2--PRICKLE2	2	0
MCF7	PIZZLY	RPS6KB1--DIAPH3	1	0
MCF7	MapSplice	BCAS4--BCAS3	161	212
MCF7	MapSplice	ARFGEF2--SULF2	31	16
MCF7	MapSplice	BCAS4--BCAS3	9	4
MCF7	MapSplice	GCN1L1--MSI1	3	10
MCF7	MapSplice	RPS6KB1--VMP1	8	4
MCF7	MapSplice	PAPOLA--AK7	5	4
MCF7	MapSplice	SMARCA4--CARM1	2	6
MCF7	MapSplice	BCAS4--BCAS3	3	2
MCF7	FUSIONCATCHER_v1.10_June192019	BCAS4--BCAS3	19	102
MCF7	FUSIONCATCHER_v1.10_June192019	BCAS4--BCAS3	4	102
MCF7	FUSIONCATCHER_v1.10_June192019	ARFGEF2--SULF2	11	11
MCF7	FUSIONCATCHER_v1.10_June192019	AC099850.1--VMP1	4	4
MCF7	FUSIONCATCHER_v1.10_June192019	RPS6KB1--VMP1	5	2
MCF7	FUSIONCATCHER_v1.10_June192019	PAPOLA--AK7	3	2
MCF7	FUSIONCATCHER_v1.10_June192019	SMARCA4--CARM1	2	3
MCF7	JAFFA-Assembly	BCAS4--BCAS3	49	92
MCF7	JAFFA-Assembly	ARFGEF2--SULF2	20	8
MCF7	JAFFA-Assembly	BCAS4--BCAS3	8	2
MCF7	JAFFA-Assembly	AC099850.1--VMP1	4	4
MCF7	JAFFA-Assembly	RPS6KB1--VMP1	6	2
MCF7	JAFFA-Assembly	PAPOLA--AK7	2	3
MCF7	JAFFA-Assembly	ATXN7L3--FAM171A2	0	1
MCF7	deFuse	BCAS4--BCAS3	193	105
MCF7	deFuse	BCAS4--BCAS3	193	5
MCF7	deFuse	ARFGEF2--SULF2	27	12
MCF7	EricScript	BCAS4--BCAS3	182	211
MCF7	EricScript	ARFGEF2--SULF2	23	41
MCF7	EricScript	RPS6KB1--VMP1	5	13
MCF7	EricScript	MYO9B--FCHO1	3	2
MCF7	EricScript	SMARCA4--CARM1	3	2
MCF7	STAR_FUSION_1.9.1	BCAS4--BCAS3	19	165
MCF7	STAR_FUSION_1.9.1	BCAS4--BCAS3	4	172
MCF7	STAR_FUSION_1.9.1	ARFGEF2--SULF2	19	17
MCF7	STAR_FUSION_1.9.1	AC099850.1--VMP1	4	5
MCF7	STAR_FUSION_1.9.1	RPS6KB1--VMP1	5	4
MCF7	STAR_FUSION_1.9.1	PAPOLA--AK7	3	3
MCF7	STAR_FUSION_1.9.1	SMARCA4--CARM1	2	3
MCF7	STAR_FUSION_1.9.1	MYO9B--FCHO1	1	3
MCF7	STAR_FUSION_1.9.1	SULF2--PRICKLE2	1	3
MCF7	STAR_FUSION_1.9.1	ADAMTS19--SLC27A6	1	1
MCF7	STARCHIP_csm10_pGm2_May012019	BCAS4--BCAS3	42	167
MCF7	STARCHIP_csm10_pGm2_May012019	ARFGEF2--SULF2	4	15
MCF7	STARCHIP_csm10_pGm2_May012019	BCAS4--BCAS3	4	5
MCF7	InFusion	BCAS4--BCAS3	206	19
MCF7	InFusion	ARFGEF2--SULF2	28	8
MCF7	InFusion	RPS6KB1--VMP1	10	0
MCF7	InFusion	AC099850.1--VMP1	6	3
MCF7	InFusion	PAPOLA--AK7	5	0
MCF7	JAFFA-Hybrid	BCAS4--BCAS3	49	92
MCF7	JAFFA-Hybrid	ARFGEF2--SULF2	20	8
MCF7	JAFFA-Hybrid	BCAS4--BCAS3	8	2
MCF7	JAFFA-Hybrid	AC099850.1--VMP1	4	4
MCF7	JAFFA-Hybrid	RPS6KB1--VMP1	6	2
MCF7	JAFFA-Hybrid	PAPOLA--AK7	2	3
MCF7	JAFFA-Hybrid	ATXN7L3--FAM171A2	0	1
MCF7	PRADA	BCAS4--BCAS3	116	90
MCF7	PRADA	ARFGEF2--SULF2	15	12
MCF7	PRADA	RPS6KB1--VMP1	6	2
MCF7	PRADA	SMARCA4--CARM1	2	3
MCF7	PRADA	GCN1L1--MSI1	1	3
MCF7	PRADA	RPS6KB1--VMP1	1	2
KPL4	nFuse	BSG--NFIX	17	22
KPL4	nFuse	NOTCH1--NUP214	7	10
KPL4	nFuse	PPP1R12A--SEPT10	6	6
KPL4	STARSEQR	BSG--NFIX	7	23
KPL4	STARSEQR	NOTCH1--NUP214	3	7
KPL4	STARSEQR	PPP1R12A--SEPT10	4	2
KPL4	SOAP-fuse	BSG--NFIX	12	16
KPL4	SOAP-fuse	NOTCH1--NUP214	6	7
KPL4	SOAP-fuse	PPP1R12A--SEPT10	6	2
KPL4	TrinityFusion-UC	BSG--NFIX	5	7
KPL4	ChimeraScan	BSG--NFIX	16	21
KPL4	ChimeraScan	NOTCH1--NUP214	5	3
KPL4	ChimeraScan	PPP1R12A--SEPT10	4	2
KPL4	TrinityFusion-D	BSG--NFIX	5	7
KPL4	TrinityFusion-D	PPP1R12A--SEPT10	3	2
KPL4	FusionHunter	BSG--NFIX	12	12
KPL4	FusionHunter	NOTCH1--NUP214	6	3
KPL4	ARRIBA	BSG--NFIX	7	23
KPL4	ARRIBA	NOTCH1--NUP214	3	7
KPL4	ARRIBA	PPP1R12A--SEPT10	4	2
KPL4	ARRIBA_hc	BSG--NFIX	7	23
KPL4	ARRIBA_hc	NOTCH1--NUP214	3	7
KPL4	ARRIBA_hc	PPP1R12A--SEPT10	4	2
KPL4	TopHat-Fusion	BSG--NFIX	13	16
KPL4	TopHat-Fusion	NOTCH1--NUP214	3	5
KPL4	STAR_FUSION_v1.5	BSG--NFIX	10	26
KPL4	STAR_FUSION_v1.5	NOTCH1--NUP214	2	6
KPL4	STAR_FUSION_v1.5	PPP1R12A--SEPT10	3	2
KPL4	FUSION_CATCHER_V0994e	BSG--NFIX	8	9
KPL4	FUSION_CATCHER_V0994e	NOTCH1--NUP214	2	5
KPL4	FUSION_CATCHER_V0994e	PPP1R12A--SEPT10	3	2
KPL4	ChimPipe	BSG--NFIX	39	3
KPL4	ChimPipe	NOTCH1--NUP214	1	4
KPL4	TrinityFusion-C	BSG--NFIX	5	7
KPL4	PIZZLY	BSG--NFIX	3	19
KPL4	PIZZLY	NOTCH1--NUP214	4	5
KPL4	PIZZLY	PPP1R12A--SEPT10	4	2
KPL4	MapSplice	BSG--NFIX	13	28
KPL4	MapSplice	NOTCH1--NUP214	7	8
KPL4	FUSIONCATCHER_v1.10_June192019	BSG--NFIX	8	18
KPL4	FUSIONCATCHER_v1.10_June192019	NOTCH1--NUP214	2	4
KPL4	FUSIONCATCHER_v1.10_June192019	PPP1R12A--SEPT10	3	2
KPL4	JAFFA-Assembly	BSG--NFIX	12	15
KPL4	JAFFA-Assembly	PPP1R12A--SEPT10	1	1
KPL4	JAFFA-Assembly	NOTCH1--NUP214	1	0
KPL4	deFuse	BSG--NFIX	20	22
KPL4	deFuse	NOTCH1--NUP214	7	5
KPL4	EricScript	BSG--NFIX	29	32
KPL4	EricScript	NOTCH1--NUP214	10	10
KPL4	STAR_FUSION_1.9.1	BSG--NFIX	10	25
KPL4	STAR_FUSION_1.9.1	NOTCH1--NUP214	4	6
KPL4	STAR_FUSION_1.9.1	PPP1R12A--SEPT10	4	2
KPL4	STARCHIP_csm10_pGm2_May012019	BSG--NFIX	7	23
KPL4	STARCHIP_csm10_pGm2_May012019	PPP1R12A--SEPT10	4	2
KPL4	STARCHIP_csm10_pGm2_May012019	NOTCH1--NUP214	3	2
KPL4	InFusion	BSG--NFIX	18	12
KPL4	InFusion	NOTCH1--NUP214	7	4
KPL4	InFusion	PPP1R12A--SEPT10	2	2
KPL4	JAFFA-Hybrid	BSG--NFIX	12	15
KPL4	JAFFA-Hybrid	PPP1R12A--SEPT10	1	1
KPL4	JAFFA-Hybrid	NOTCH1--NUP214	1	0
KPL4	PRADA	BSG--NFIX	9	10
KPL4	PRADA	NOTCH1--NUP214	6	4
SKBR3	nFuse	TATDN1--GSDMB	428	6
SKBR3	nFuse	TATDN1--GSDMB	30	266
SKBR3	nFuse	TATDN1--GSDMB	152	4
SKBR3	nFuse	TATDN1--GSDMB	11	118
SKBR3	nFuse	CYTH1--EIF3H	15	34
SKBR3	nFuse	SUMF1--LRRFIP2	9	18
SKBR3	nFuse	RARA--PKIA	10	14
SKBR3	nFuse	ANKHD1--PCDH1	8	15
SKBR3	nFuse	TATDN1--GSDMB	4	18
SKBR3	nFuse	CYTH1--EIF3H	2	18
SKBR3	nFuse	DHX35--ITCH	4	5
SKBR3	nFuse	PREX1--CPNE1	3	6
SKBR3	STARSEQR	TATDN1--GSDMB	14	374
SKBR3	STARSEQR	CYTH1--EIF3H	2	44
SKBR3	STARSEQR	SUMF1--LRRFIP2	4	17
SKBR3	STARSEQR	ANKHD1--PCDH1	5	13
SKBR3	STARSEQR	RARA--PKIA	5	12
SKBR3	STARSEQR	PREX1--CPNE1	1	7
SKBR3	STARSEQR	DHX35--ITCH	2	4
SKBR3	STARSEQR	TBC1D31--ZNF704	2	3
SKBR3	STARSEQR	KLHDC2--SNTB1	2	3
SKBR3	SOAP-fuse	TATDN1--GSDMB	403	55
SKBR3	SOAP-fuse	TATDN1--GSDMB	23	388
SKBR3	SOAP-fuse	TATDN1--GSDMB	102	5
SKBR3	SOAP-fuse	TATDN1--GSDMB	1	71
SKBR3	SOAP-fuse	CYTH1--EIF3H	20	50
SKBR3	SOAP-fuse	CYTH1--EIF3H	1	39
SKBR3	SOAP-fuse	TATDN1--GSDMB	26	9
SKBR3	SOAP-fuse	SUMF1--LRRFIP2	6	17
SKBR3	SOAP-fuse	CYTH1--EIF3H	2	21
SKBR3	SOAP-fuse	RARA--PKIA	7	13
SKBR3	SOAP-fuse	CYTH1--EIF3H	4	10
SKBR3	SOAP-fuse	ANKHD1--PCDH1	5	8
SKBR3	SOAP-fuse	ANKHD1--PCDH1	5	8
SKBR3	SOAP-fuse	TATDN1--GSDMB	2	10
SKBR3	SOAP-fuse	TATDN1--GSDMB	1	10
SKBR3	SOAP-fuse	CCDC85C--SETD3	6	5
SKBR3	SOAP-fuse	SUMF1--LRRFIP2	3	7
SKBR3	SOAP-fuse	RARA--PKIA	1	5
SKBR3	SOAP-fuse	PREX1--CPNE1	1	5
SKBR3	SOAP-fuse	KLHDC2--SNTB1	3	3
SKBR3	SOAP-fuse	TBC1D31--ZNF704	3	2
SKBR3	SOAP-fuse	DHX35--ITCH	2	1
SKBR3	SOAP-fuse	TATDN1--GSDMB	1	1
SKBR3	TrinityFusion-UC	TATDN1--GSDMB	175	3
SKBR3	TrinityFusion-UC	TATDN1--GSDMB	27	2
SKBR3	TrinityFusion-UC	TATDN1--GSDMB	7	17
SKBR3	TrinityFusion-UC	CYTH1--EIF3H	7	9
SKBR3	TrinityFusion-UC	SUMF1--LRRFIP2	2	6
SKBR3	TrinityFusion-UC	RARA--PKIA	6	0
SKBR3	ChimeraScan	TATDN1--GSDMB	233	51
SKBR3	ChimeraScan	CYTH1--EIF3H	1	32
SKBR3	ChimeraScan	ANKHD1--PCDH1	7	9
SKBR3	ChimeraScan	SUMF1--LRRFIP2	5	6
SKBR3	ChimeraScan	RARA--PKIA	4	7
SKBR3	ChimeraScan	PREX1--CPNE1	0	4
SKBR3	ChimeraScan	DHX35--ITCH	2	2
SKBR3	ChimeraScan	CCDC85C--SETD3	0	3
SKBR3	ChimeraScan	TBC1D31--ZNF704	1	2
SKBR3	ChimeraScan	KLHDC2--SNTB1	2	1
SKBR3	TrinityFusion-D	TATDN1--GSDMB	179	3
SKBR3	TrinityFusion-D	TATDN1--GSDMB	177	3
SKBR3	TrinityFusion-D	TATDN1--GSDMB	175	3
SKBR3	TrinityFusion-D	TATDN1--GSDMB	138	4
SKBR3	TrinityFusion-D	TATDN1--GSDMB	136	2
SKBR3	TrinityFusion-D	TATDN1--GSDMB	130	5
SKBR3	TrinityFusion-D	TATDN1--GSDMB	127	5
SKBR3	TrinityFusion-D	TATDN1--GSDMB	7	19
SKBR3	TrinityFusion-D	ANKHD1--PCDH1	5	6
SKBR3	TrinityFusion-D	ANKHD1--PCDH1	5	6
SKBR3	FusionHunter	TATDN1--GSDMB	93	55
SKBR3	FusionHunter	CYTH1--EIF3H	17	28
SKBR3	FusionHunter	RARA--PKIA	8	12
SKBR3	FusionHunter	ANKHD1--PCDH1	5	10
SKBR3	FusionHunter	SUMF1--LRRFIP2	7	5
SKBR3	FusionHunter	TBC1D31--ZNF704	3	2
SKBR3	ARRIBA	TATDN1--GSDMB	182	213
SKBR3	ARRIBA	TATDN1--GSDMB	11	300
SKBR3	ARRIBA	TATDN1--GSDMB	1	100
SKBR3	ARRIBA	TATDN1--GSDMB	64	15
SKBR3	ARRIBA	TATDN1--GSDMB	6	72
SKBR3	ARRIBA	CYTH1--EIF3H	13	49
SKBR3	ARRIBA	TATDN1--GSDMB	31	18
SKBR3	ARRIBA	CYTH1--EIF3H	1	40
SKBR3	ARRIBA	TATDN1--GSDMB	1	32
SKBR3	ARRIBA	TATDN1--GSDMB	2	23
SKBR3	ARRIBA	TATDN1--GSDMB	3	22
SKBR3	ARRIBA	CYTH1--EIF3H	1	20
SKBR3	ARRIBA	RARA--PKIA	7	13
SKBR3	ARRIBA	ANKHD1--PCDH1	5	13
SKBR3	ARRIBA	ANKHD1--PCDH1	5	13
SKBR3	ARRIBA	SUMF1--LRRFIP2	2	16
SKBR3	ARRIBA	CCDC85C--SETD3	5	7
SKBR3	ARRIBA	CYTH1--EIF3H	1	11
SKBR3	ARRIBA	SUMF1--LRRFIP2	2	7
SKBR3	ARRIBA	PREX1--CPNE1	0	7
SKBR3	ARRIBA	DHX35--ITCH	2	4
SKBR3	ARRIBA	RARA--PKIA	1	5
SKBR3	ARRIBA	TBC1D31--ZNF704	1	2
SKBR3	ARRIBA	KLHDC2--SNTB1	1	2
SKBR3	ARRIBA	SUMF1--LRRFIP2	1	0
SKBR3	ARRIBA	PREX1--CPNE1	0	0
SKBR3	ARRIBA_hc	TATDN1--GSDMB	182	213
SKBR3	ARRIBA_hc	TATDN1--GSDMB	64	15
SKBR3	ARRIBA_hc	TATDN1--GSDMB	6	72
SKBR3	ARRIBA_hc	CYTH1--EIF3H	13	49
SKBR3	ARRIBA_hc	TATDN1--GSDMB	31	18
SKBR3	ARRIBA_hc	TATDN1--GSDMB	2	23
SKBR3	ARRIBA_hc	TATDN1--GSDMB	3	22
SKBR3	ARRIBA_hc	CYTH1--EIF3H	1	20
SKBR3	ARRIBA_hc	RARA--PKIA	7	13
SKBR3	ARRIBA_hc	ANKHD1--PCDH1	5	13
SKBR3	ARRIBA_hc	ANKHD1--PCDH1	5	13
SKBR3	ARRIBA_hc	SUMF1--LRRFIP2	2	16
SKBR3	ARRIBA_hc	CYTH1--EIF3H	1	11
SKBR3	ARRIBA_hc	SUMF1--LRRFIP2	2	7
SKBR3	ARRIBA_hc	DHX35--ITCH	2	4
SKBR3	ARRIBA_hc	RARA--PKIA	1	5
SKBR3	ARRIBA_hc	TBC1D31--ZNF704	1	2
SKBR3	ARRIBA_hc	KLHDC2--SNTB1	1	2
SKBR3	TopHat-Fusion	TATDN1--GSDMB	312	47
SKBR3	TopHat-Fusion	TATDN1--GSDMB	94	47
SKBR3	TopHat-Fusion	TATDN1--GSDMB	37	47
SKBR3	TopHat-Fusion	TATDN1--GSDMB	14	47
SKBR3	TopHat-Fusion	TATDN1--GSDMB	5	47
SKBR3	TopHat-Fusion	TATDN1--GSDMB	3	47
SKBR3	TopHat-Fusion	CYTH1--EIF3H	19	19
SKBR3	TopHat-Fusion	RARA--PKIA	9	10
SKBR3	TopHat-Fusion	ANKHD1--PCDH1	4	13
SKBR3	TopHat-Fusion	SUMF1--LRRFIP2	5	7
SKBR3	TopHat-Fusion	RARA--PKIA	1	10
SKBR3	TopHat-Fusion	CYTH1--EIF3H	1	8
SKBR3	TopHat-Fusion	CCDC85C--SETD3	5	3
SKBR3	TopHat-Fusion	RARA--PKIA	1	5
SKBR3	TopHat-Fusion	TBC1D31--ZNF704	3	2
SKBR3	TopHat-Fusion	KLHDC2--SNTB1	2	2
SKBR3	STAR_FUSION_v1.5	TATDN1--GSDMB	235	315
SKBR3	STAR_FUSION_v1.5	TATDN1--GSDMB	63	311
SKBR3	STAR_FUSION_v1.5	TATDN1--GSDMB	31	311
SKBR3	STAR_FUSION_v1.5	CYTH1--EIF3H	11	50
SKBR3	STAR_FUSION_v1.5	CYTH1--EIF3H	2	50
SKBR3	STAR_FUSION_v1.5	RARA--PKIA	7	15
SKBR3	STAR_FUSION_v1.5	SUMF1--LRRFIP2	4	17
SKBR3	STAR_FUSION_v1.5	SUMF1--LRRFIP2	3	17
SKBR3	STAR_FUSION_v1.5	SUMF1--LRRFIP2	1	17
SKBR3	STAR_FUSION_v1.5	ANKHD1--PCDH1	5	13
SKBR3	STAR_FUSION_v1.5	ANKHD1--PCDH1	5	13
SKBR3	STAR_FUSION_v1.5	RARA--PKIA	1	15
SKBR3	STAR_FUSION_v1.5	CCDC85C--SETD3	4	7
SKBR3	STAR_FUSION_v1.5	TBC1D31--ZNF704	2	3
SKBR3	STAR_FUSION_v1.5	KLHDC2--SNTB1	2	3
SKBR3	STAR_FUSION_v1.5	DHX35--ITCH	2	3
SKBR3	FUSION_CATCHER_V0994e	TATDN1--GSDMB	19	67
SKBR3	FUSION_CATCHER_V0994e	TATDN1--GSDMB	18	67
SKBR3	FUSION_CATCHER_V0994e	TATDN1--GSDMB	15	67
SKBR3	FUSION_CATCHER_V0994e	TATDN1--GSDMB	8	67
SKBR3	FUSION_CATCHER_V0994e	TATDN1--GSDMB	3	67
SKBR3	FUSION_CATCHER_V0994e	TATDN1--GSDMB	3	67
SKBR3	FUSION_CATCHER_V0994e	CYTH1--EIF3H	5	26
SKBR3	FUSION_CATCHER_V0994e	SUMF1--LRRFIP2	5	12
SKBR3	FUSION_CATCHER_V0994e	ANKHD1--PCDH1	4	12
SKBR3	FUSION_CATCHER_V0994e	RARA--PKIA	5	10
SKBR3	FUSION_CATCHER_V0994e	CCDC85C--SETD3	4	6
SKBR3	FUSION_CATCHER_V0994e	TBC1D31--ZNF704	3	3
SKBR3	FUSION_CATCHER_V0994e	DHX35--ITCH	2	1
SKBR3	ChimPipe	TATDN1--GSDMB	205	9
SKBR3	ChimPipe	TATDN1--GSDMB	10	60
SKBR3	ChimPipe	TATDN1--GSDMB	66	3
SKBR3	ChimPipe	CYTH1--EIF3H	11	42
SKBR3	ChimPipe	TATDN1--GSDMB	31	3
SKBR3	ChimPipe	RARA--PKIA	7	13
SKBR3	ChimPipe	SUMF1--LRRFIP2	5	13
SKBR3	ChimPipe	TATDN1--GSDMB	5	12
SKBR3	ChimPipe	CCDC85C--SETD3	10	4
SKBR3	ChimPipe	CYTH1--EIF3H	1	11
SKBR3	ChimPipe	ANKHD1--PCDH1	3	7
SKBR3	ChimPipe	SUMF1--LRRFIP2	1	6
SKBR3	ChimPipe	RARA--PKIA	1	5
SKBR3	ChimPipe	TBC1D31--ZNF704	3	3
SKBR3	ChimPipe	TATDN1--GSDMB	2	3
SKBR3	ChimPipe	TATDN1--GSDMB	1	3
SKBR3	ChimPipe	KLHDC2--SNTB1	1	2
SKBR3	TrinityFusion-C	TATDN1--GSDMB	175	3
SKBR3	TrinityFusion-C	TATDN1--GSDMB	138	4
SKBR3	TrinityFusion-C	TATDN1--GSDMB	62	2
SKBR3	TrinityFusion-C	TATDN1--GSDMB	27	2
SKBR3	TrinityFusion-C	TATDN1--GSDMB	7	17
SKBR3	TrinityFusion-C	CYTH1--EIF3H	7	9
SKBR3	TrinityFusion-C	SUMF1--LRRFIP2	2	6
SKBR3	TrinityFusion-C	RARA--PKIA	6	0
SKBR3	PIZZLY	TATDN1--GSDMB	368	80
SKBR3	PIZZLY	CYTH1--EIF3H	8	38
SKBR3	PIZZLY	SUMF1--LRRFIP2	6	13
SKBR3	PIZZLY	ANKHD1--PCDH1	5	9
SKBR3	PIZZLY	ANKHD1--PCDH1	5	9
SKBR3	PIZZLY	RARA--PKIA	1	12
SKBR3	PIZZLY	CCDC85C--SETD3	1	6
SKBR3	PIZZLY	PREX1--CPNE1	0	5
SKBR3	PIZZLY	TBC1D31--ZNF704	1	3
SKBR3	PIZZLY	KLHDC2--SNTB1	1	2
SKBR3	MapSplice	TATDN1--GSDMB	356	20
SKBR3	MapSplice	TATDN1--GSDMB	30	104
SKBR3	MapSplice	TATDN1--GSDMB	122	6
SKBR3	MapSplice	CYTH1--EIF3H	22	56
SKBR3	MapSplice	TATDN1--GSDMB	9	56
SKBR3	MapSplice	TATDN1--GSDMB	53	6
SKBR3	MapSplice	SUMF1--LRRFIP2	9	22
SKBR3	MapSplice	RARA--PKIA	9	16
SKBR3	MapSplice	CYTH1--EIF3H	4	20
SKBR3	MapSplice	ANKHD1--PCDH1	7	14
SKBR3	MapSplice	CYTH1--EIF3H	3	14
SKBR3	MapSplice	SUMF1--LRRFIP2	6	10
SKBR3	MapSplice	TATDN1--GSDMB	4	6
SKBR3	MapSplice	TATDN1--GSDMB	3	6
SKBR3	FUSIONCATCHER_v1.10_June192019	TATDN1--GSDMB	21	68
SKBR3	FUSIONCATCHER_v1.10_June192019	TATDN1--GSDMB	20	68
SKBR3	FUSIONCATCHER_v1.10_June192019	TATDN1--GSDMB	17	68
SKBR3	FUSIONCATCHER_v1.10_June192019	TATDN1--GSDMB	8	68
SKBR3	FUSIONCATCHER_v1.10_June192019	TATDN1--GSDMB	3	68
SKBR3	FUSIONCATCHER_v1.10_June192019	TATDN1--GSDMB	3	68
SKBR3	FUSIONCATCHER_v1.10_June192019	CYTH1--EIF3H	7	26
SKBR3	FUSIONCATCHER_v1.10_June192019	SUMF1--LRRFIP2	5	12
SKBR3	FUSIONCATCHER_v1.10_June192019	ANKHD1--PCDH1	5	12
SKBR3	FUSIONCATCHER_v1.10_June192019	RARA--PKIA	5	10
SKBR3	FUSIONCATCHER_v1.10_June192019	SUMF1--LRRFIP2	2	12
SKBR3	FUSIONCATCHER_v1.10_June192019	CCDC85C--SETD3	4	6
SKBR3	FUSIONCATCHER_v1.10_June192019	TBC1D31--ZNF704	3	3
SKBR3	FUSIONCATCHER_v1.10_June192019	PREX1--CPNE1	2	4
SKBR3	FUSIONCATCHER_v1.10_June192019	KLHDC2--SNTB1	2	2
SKBR3	FUSIONCATCHER_v1.10_June192019	DHX35--ITCH	2	1
SKBR3	JAFFA-Assembly	TATDN1--GSDMB	8	70
SKBR3	JAFFA-Assembly	CYTH1--EIF3H	13	50
SKBR3	JAFFA-Assembly	RARA--PKIA	9	8
SKBR3	JAFFA-Assembly	ANKHD1--PCDH1	4	7
SKBR3	JAFFA-Assembly	SUMF1--LRRFIP2	4	5
SKBR3	JAFFA-Assembly	TATDN1--GSDMB	5	2
SKBR3	JAFFA-Assembly	RARA--PKIA	1	4
SKBR3	deFuse	TATDN1--GSDMB	490	95
SKBR3	deFuse	TATDN1--GSDMB	136	40
SKBR3	deFuse	TATDN1--GSDMB	53	15
SKBR3	deFuse	TATDN1--GSDMB	27	29
SKBR3	deFuse	CYTH1--EIF3H	21	26
SKBR3	deFuse	SUMF1--LRRFIP2	11	12
SKBR3	deFuse	ANKHD1--PCDH1	9	11
SKBR3	deFuse	RARA--PKIA	10	9
SKBR3	deFuse	CYTH1--EIF3H	3	12
SKBR3	deFuse	CYTH1--EIF3H	4	10
SKBR3	deFuse	TATDN1--GSDMB	7	5
SKBR3	deFuse	PREX1--CPNE1	3	5
SKBR3	EricScript	TATDN1--GSDMB	473	516
SKBR3	EricScript	CYTH1--EIF3H	55	26
SKBR3	EricScript	SUMF1--LRRFIP2	20	13
SKBR3	EricScript	RARA--PKIA	16	10
SKBR3	EricScript	CCDC85C--SETD3	7	9
SKBR3	EricScript	PREX1--CPNE1	7	3
SKBR3	EricScript	TBC1D31--ZNF704	3	3
SKBR3	STAR_FUSION_1.9.1	TATDN1--GSDMB	240	219
SKBR3	STAR_FUSION_1.9.1	TATDN1--GSDMB	68	55
SKBR3	STAR_FUSION_1.9.1	TATDN1--GSDMB	31	70
SKBR3	STAR_FUSION_1.9.1	CYTH1--EIF3H	13	51
SKBR3	STAR_FUSION_1.9.1	CYTH1--EIF3H	2	44
SKBR3	STAR_FUSION_1.9.1	SUMF1--LRRFIP2	5	17
SKBR3	STAR_FUSION_1.9.1	RARA--PKIA	7	13
SKBR3	STAR_FUSION_1.9.1	ANKHD1--PCDH1	5	13
SKBR3	STAR_FUSION_1.9.1	CCDC85C--SETD3	4	7
SKBR3	STAR_FUSION_1.9.1	SUMF1--LRRFIP2	3	7
SKBR3	STAR_FUSION_1.9.1	PREX1--CPNE1	1	7
SKBR3	STAR_FUSION_1.9.1	RARA--PKIA	1	5
SKBR3	STAR_FUSION_1.9.1	DHX35--ITCH	2	3
SKBR3	STAR_FUSION_1.9.1	KLHDC2--SNTB1	2	3
SKBR3	STAR_FUSION_1.9.1	TBC1D31--ZNF704	2	3
SKBR3	STARCHIP_csm10_pGm2_May012019	TATDN1--GSDMB	244	218
SKBR3	STARCHIP_csm10_pGm2_May012019	TATDN1--GSDMB	14	218
SKBR3	STARCHIP_csm10_pGm2_May012019	TATDN1--GSDMB	69	89
SKBR3	STARCHIP_csm10_pGm2_May012019	TATDN1--GSDMB	31	87
SKBR3	STARCHIP_csm10_pGm2_May012019	TATDN1--GSDMB	6	89
SKBR3	STARCHIP_csm10_pGm2_May012019	CYTH1--EIF3H	13	30
SKBR3	STARCHIP_csm10_pGm2_May012019	ANKHD1--PCDH1	5	13
SKBR3	STARCHIP_csm10_pGm2_May012019	RARA--PKIA	8	8
SKBR3	STARCHIP_csm10_pGm2_May012019	SUMF1--LRRFIP2	4	11
SKBR3	STARCHIP_csm10_pGm2_May012019	TATDN1--GSDMB	2	7
SKBR3	STARCHIP_csm10_pGm2_May012019	DHX35--ITCH	2	3
SKBR3	STARCHIP_csm10_pGm2_May012019	TBC1D31--ZNF704	2	2
SKBR3	InFusion	TATDN1--GSDMB	549	10
SKBR3	InFusion	TATDN1--GSDMB	127	3
SKBR3	InFusion	TATDN1--GSDMB	56	0
SKBR3	InFusion	CYTH1--EIF3H	26	19
SKBR3	InFusion	SUMF1--LRRFIP2	11	6
SKBR3	InFusion	RARA--PKIA	9	8
SKBR3	InFusion	ANKHD1--PCDH1	6	7
SKBR3	InFusion	SUMF1--LRRFIP2	6	4
SKBR3	InFusion	CCDC85C--SETD3	6	3
SKBR3	InFusion	PREX1--CPNE1	1	5
SKBR3	InFusion	RARA--PKIA	1	5
SKBR3	InFusion	KLHDC2--SNTB1	3	2
SKBR3	InFusion	TBC1D31--ZNF704	4	0
SKBR3	InFusion	DHX35--ITCH	3	1
SKBR3	JAFFA-Hybrid	TATDN1--GSDMB	8	70
SKBR3	JAFFA-Hybrid	CYTH1--EIF3H	13	50
SKBR3	JAFFA-Hybrid	RARA--PKIA	9	8
SKBR3	JAFFA-Hybrid	ANKHD1--PCDH1	4	7
SKBR3	JAFFA-Hybrid	SUMF1--LRRFIP2	4	5
SKBR3	JAFFA-Hybrid	TATDN1--GSDMB	5	2
SKBR3	JAFFA-Hybrid	RARA--PKIA	1	4
SKBR3	PRADA	TATDN1--GSDMB	224	38
SKBR3	PRADA	TATDN1--GSDMB	61	38
SKBR3	PRADA	TATDN1--GSDMB	29	38
SKBR3	PRADA	TATDN1--GSDMB	18	38
SKBR3	PRADA	CYTH1--EIF3H	19	36
SKBR3	PRADA	TATDN1--GSDMB	3	38
SKBR3	PRADA	TATDN1--GSDMB	2	38
SKBR3	PRADA	TATDN1--GSDMB	1	38
SKBR3	PRADA	TATDN1--GSDMB	1	38
SKBR3	PRADA	CYTH1--EIF3H	2	36
SKBR3	PRADA	CYTH1--EIF3H	1	36
SKBR3	PRADA	CYTH1--EIF3H	1	36
SKBR3	PRADA	RARA--PKIA	8	13
SKBR3	PRADA	SUMF1--LRRFIP2	5	10
SKBR3	PRADA	RARA--PKIA	1	13
SKBR3	PRADA	SUMF1--LRRFIP2	2	10
SKBR3	PRADA	SUMF1--LRRFIP2	1	10
SKBR3	PRADA	ANKHD1--PCDH1	3	7
SKBR3	PRADA	PREX1--CPNE1	3	5
SKBR3	PRADA	KLHDC2--SNTB1	3	2
SKBR3	PRADA	TBC1D31--ZNF704	3	2
SKBR3	FusionInspector	TATDN1--GSDMB	335	129
SKBR3	FusionInspector	TATDN1--GSDMB	86	31
SKBR3	FusionInspector	TATDN1--GSDMB	20	176
SKBR3	FusionInspector	TATDN1--GSDMB	46	36
SKBR3	FusionInspector	CYTH1--EIF3H	17	39
SKBR3	FusionInspector	TATDN1--GSDMB	6	41
SKBR3	FusionInspector	TATDN1--GSDMB	1	52
SKBR3	FusionInspector	RARA--PKIA	9	13
SKBR3	FusionInspector	TATDN1--GSDMB	1	43
SKBR3	FusionInspector	TATDN1--GSDMB	2	37
SKBR3	FusionInspector	TATDN1--GSDMB	2	37
SKBR3	FusionInspector	CYTH1--EIF3H	2	32
SKBR3	FusionInspector	SUMF1--LRRFIP2	5	15
SKBR3	FusionInspector	ANKHD1--PCDH1	5	13
SKBR3	FusionInspector	CCDC85C--SETD3	5	7
SKBR3	FusionInspector	CYTH1--EIF3H	2	19
SKBR3	FusionInspector	PREX1--CPNE1	3	7
SKBR3	FusionInspector	CYTH1--EIF3H	1	11
SKBR3	FusionInspector	TBC1D31--ZNF704	3	3
SKBR3	FusionInspector	SUMF1--LRRFIP2	2	6
SKBR3	FusionInspector	DHX35--ITCH	2	2
SKBR3	FusionInspector	KLHDC2--SNTB1	2	2
SKBR3	FusionInspector	RARA--PKIA	1	5
KPL4	FusionInspector	BSG--NFIX	12	23
KPL4	FusionInspector	NOTCH1--NUP214	6	6
KPL4	FusionInspector	PPP1R12A--SEPT10	4	2
MCF7	FusionInspector	BCAS4--BCAS3	115	133
MCF7	FusionInspector	BCAS4--BCAS3	9	139
MCF7	FusionInspector	ARFGEF2--SULF2	21	16
MCF7	FusionInspector	AC099850.1--VMP1	6	5
MCF7	FusionInspector	RPS6KB1--VMP1	6	3
MCF7	FusionInspector	ATXN7L3--FAM171A2	4	2
MCF7	FusionInspector	PAPOLA--AK7	4	2
MCF7	FusionInspector	SMARCA4--CARM1	2	3
MCF7	FusionInspector	GCN1L1--MSI1	1	6
MCF7	FusionInspector	SULF2--PRICKLE2	2	2
MCF7	FusionInspector	RPS6KB1--DIAPH3	2	0
MCF7	FusionInspector	MYO9B--FCHO1	1	3
MCF7	FusionInspector	ADAMTS19--SLC27A6	1	1
BT474	FusionInspector	THRA--AC090627.1	98	95
BT474	FusionInspector	ACACA--STAC2	62	44
BT474	FusionInspector	RPS6KB1--SNF8	40	46
BT474	FusionInspector	TOB1--SYNRG	37	42
BT474	FusionInspector	THRA--AC090627.1	30	23
BT474	FusionInspector	VAPB--IKZF3	23	39
BT474	FusionInspector	ZMYND8--CEP250	14	42
BT474	FusionInspector	AHCTF1--NAAA	10	29
BT474	FusionInspector	MED1--STXBP4	13	14
BT474	FusionInspector	STX16--RAE1	9	29
BT474	FusionInspector	RAB22A--MYO9B	12	10
BT474	FusionInspector	VAPB--IKZF3	3	45
BT474	FusionInspector	MED1--ACSF2	11	9
BT474	FusionInspector	RPS6KB1--SNF8	1	46
BT474	FusionInspector	STX16--RAE1	3	33
BT474	FusionInspector	STX16--RAE1	2	33
BT474	FusionInspector	SKA2--MYO19	7	7
BT474	FusionInspector	AHCTF1--NAAA	1	30
BT474	FusionInspector	STARD3--DOK5	6	6
BT474	FusionInspector	SKA2--MYO19	6	5
BT474	FusionInspector	VAPB--IKZF3	4	10
BT474	FusionInspector	USP32--MED1	3	4
BT474	FusionInspector	MED13--BCAS3	3	3
BT474	FusionInspector	DIDO1--TTI1	1	10
BT474	FusionInspector	GLB1--CMTM7	2	6
BT474	FusionInspector	TRPC4AP--MRPL45	2	6
BT474	FusionInspector	TRPC4AP--MRPL45	3	2
BT474	FusionInspector	LAMP1--MCF2L	2	5
BT474	FusionInspector	PIP4K2B--RAD51C	3	1
BT474	FusionInspector	CPNE1--PI3	2	4
BT474	FusionInspector	ZMYND8--CEP250	2	4
BT474	FusionInspector	DIDO1--TTI1	1	7
BT474	FusionInspector	MED13--BCAS3	0	9
BT474	FusionInspector	PIP4K2B--RAD51C	1	3
BT474	FusionInspector	PIP4K2B--RAD51C	1	1
BT474	FusionInspector	PIP4K2B--RAD51C	1	1
